V1,V2,V3,V4,V5,V6,V7,V8,V9,V10,V11,V12,V13,V14,V15,V16,V17,V18,V19,V20,V21,V22,V23,V24,V25,V26,V27,V28,V29,V30,V31,V32,V33,V34,V35,V36,V37,V38,V39,V40,V41,V42,V43,V44,V45,V46,V47,V48,V49,V50,V51,V52,V53,V54,V55,V56,V57,V58,V59,V60,V61,V62,V63,V64,V65,V66,V67,V68,V69,V70,V71,V72,V73,V74,V75,V76,V77,V78,V79,V80,V81,V82,V83,V84,V85,V86,V87,V88,V89,V90,V91,V92,V93
DATEVAL_S,STATION_NAME,COUNTRY,PROVINCE,CITY,CNTY,DATEVAL,TOWN,STATION_ID_C,STATION_ID_D,LAT,LON,ALTI,PRS_SENSOR_ALTI,WIN_S_SENSOR_HEIGH,STATION_TYPE,STATION_LEVL,ADMIN_CODE_CHN,YEAR,MON,DAY,HOUR,PRS,PRS_SEA,PRS_CHANGE_3H,PRS_CHANGE_24H,PRS_MAX,PRS_MAX_OTIME,PRS_MIN,PRS_MIN_OTIME,TEM,TEM_MAX,TEM_MAX_OTIME,TEM_MIN,TEM_MIN_OTIME,TEM_CHANGE_24H,TEM_MAX_24H,TEM_MIN_24H,DPT,RHU,RHU_MIN,RHU_MIN_OTIME,VAP,PRE_1H,PRE_3H,PRE_6H,PRE_12H,PRE_24H,PRE_ARTI_ENC_CYC,PRE,EVP_BIG,WIN_D_AVG_2MI,WIN_S_AVG_2MI,WIN_D_AVG_10MI,WIN_S_AVG_10MI,WIN_D_S_MAX,WIN_S_MAX,WIN_S_MAX_OTIME,WIN_D_INST,WIN_S_INST,WIN_D_INST_MAX,WIN_S_INST_MAX,WIN_S_INST_MAX_OTIME,WIN_D_INST_MAX_6H,WIN_S_INST_MAX_6H,WIN_D_INST_MAX_12H,WIN_S_INST_MAX_12H,GST,GST_MAX,GST_MAX_OTIME,GST_MIN,GST_MIN_OTIME,GST_MIN_12H,GST_5CM,GST_10CM,GST_15CM,GST_20CM,GST_40CM,GST_80CM,GST_160CM,GST_320CM,LGST,LGST_MAX,LGST_MAX_OTIME,LGST_MIN,LGST_MIN_OTIME,VIS,CLO_COV,CLO_COV_LOW,CLO_COV_LM,CLO_HEIGHT_LOM,WEP_NOW,UPDATETIME
2017/8/1 8:00,Èó®Â§¥Ê≤?‰∏≠ÂõΩ,Âåó‰∫¨Â∏?Â∏ÇËæñÂå?Èó®Â§¥Ê≤üÂå∫,00:00.0,,54505,54505,39.8878,116.1564,85.5,86.6,999999,4,13,110109,2017,8,1,0,998.6,1008.5,0.4,1.3,998.6,2343,998.2,2304,25.8,25.8,0,24.2,2301,1.2,31.9,22.8,22.1,80,80,2346,26.6,0,0,0,0,0,999999,999999,999999,298,2,304,1.9,310,2,2315,309,2.3,315,2.9,2357,315,3.7,315,3.7,31,31,0,26.5,2301,22.7,26.5,26.5,27.1,27.3,25.7,24.8,23.4,20.3,27.8,27.8,0,24.9,2301,3300,999999,999999,999999,5,999999,06:31.0,,,
2017/8/1 8:00,ÊñãÂ†Ç,‰∏≠ÂõΩ,Âåó‰∫¨Â∏?Â∏ÇËæñÂå?Èó®Â§¥Ê≤üÂå∫,00:00.0,,54501,54501,39.975,115.6917,440.3,441.3,999999,4,13,110109,2017,8,1,0,959.1,1008.9,0.5,1.5,959.1,0,958.7,2301,21,21,0,20.1,2301,0.3,30.7,19.3,20,94,94,2358,23.4,0,0,0,0,0,999999,999999,999999,999017,0,85,0.3,81,1.1,2306,999017,0.2,91,1.6,2306,162,1.8,170,3,26,26,0,23.1,2321,19.1,23.6,23.9,24.7,25.2,24.6,23.2,999999,999999,27.3,27.3,0,22.3,2323,2200,999999,999999,999999,10,999999,06:31.0,,
2017/8/1 8:00,Âª∂Â∫Ü,‰∏≠ÂõΩ,Âåó‰∫¨Â∏?Â∏ÇËæñÂå?Âª∂Â∫ÜÂå?2017-08-01 08:00:00.0,,54406,54406,40.45,115.9667,487.9,489.1,999999,4,12,110229,2017,8,1,0,953.7,1008.4,0.2,1.5,953.8,2345,953.5,2301,24.4,24.4,2359,22,2301,0.9,30.5,20.9,20.9,81,81,0,24.7,0,0,0,0,0,999999,999999,0.1,47,1.3,41,1.1,41,1.1,0,48,2.8,48,2.8,0,48,2.8,85,3.6,28.6,28.6,0,23,2318,19.8,24,23.4,23.8,24.2,23.8,21.6,18.6,13.8,27.9,28.2,2352,23,2319,2400,100,999999,0,5,2500,06:31.0,,,
2017/8/1 8:00,Âπ≥Ë∞∑,‰∏≠ÂõΩ,Âåó‰∫¨Â∏?Â∏ÇËæñÂå?Âπ≥Ë∞∑Âå?2017-08-01 08:00:00.0,,54424,54424,40.1667,117.1167,32.1,33.3,999999,4,13,110000,2017,8,1,0,1004.4,1008.2,0.2,1.2,1004.4,2303,1004.3,2301,26.7,26.7,2357,25.9,2301,1.5,32.2,23.2,23.4,82,82,2350,28.7,0,0,0,0,0,999999,999999,999999,61,1.9,54,2,86,2.5,2325,57,2.3,68,3.5,2320,68,3.5,68,3.5,31.5,31.7,2353,28.4,2301,23.2,26.7,26.1,26.3,26.4,25.7,23.6,19.7,14.6,28.2,28.2,0,26.6,2301,4100,999999,999999,999999,5,999999,06:31.0,,,
2017/8/1 8:00,‰∏äÁî∏Â≠?‰∏≠ÂõΩ,Âåó‰∫¨Â∏?Â∏ÇËæñÂå?ÂØÜ‰∫ëÂå?2017-08-01 08:00:00.0,,54421,54421,40.65,117.1167,293.3,294.3,999999,4,13,110228,2017,8,1,0,975.4,1008.7,0.4,1.7,975.4,2350,975.2,2301,24.7,24.7,0,22.6,2301,1.2,31.6,21.1,22,85,85,2350,26.4,0,0,0,0,0,999999,999999,999999,71,1.7,46,1.6,18,1.8,2330,65,2.2,20,2.9,2329,31,3.3,232,4.7,32.1,32.4,2358,25.6,2301,22.7,26.5,25.5,25.9,26.4,25.9,999999,999999,999999,32.4,32.5,2359,25.2,2301,2500,999999,999999,999999,5,999999,06:31.0,,,,
2017/8/1 8:00,ÈÄöÂ∑û,‰∏≠ÂõΩ,Âåó‰∫¨Â∏?Â∏ÇËæñÂå?ÈÄöÂ∑ûÂå?2017-08-01 08:00:00.0,,54431,54431,39.85,116.75,19.8,20.8,999999,4,13,110112,2017,8,1,0,1005.7,1008.1,0.5,1.3,1005.8,2357,1005.5,2301,26.1,26.1,0,25.1,2315,1.3,31.4,23.1,23.8,87,86,2356,29.4,0,0,0,0,0,999999,999999,999999,102,2.6,103,2.4,103,2.4,0,98,3.6,98,3.6,0,98,3.6,98,3.6,30.1,30.1,0,26.2,2316,23.5,26,25.8,26,26.2,25.2,23.6,21.2,16.4,29,29.3,2355,25.8,2316,2400,999999,999999,999999,5,999999,06:31.0,,,
2017/8/1 8:00,ÊúùÈò≥,‰∏≠ÂõΩ,Âåó‰∫¨Â∏?Â∏ÇËæñÂå?ÊúùÈò≥Âå?2017-08-01 08:00:00.0,,54433,54433,39.95,116.5,35.3,36.3,999999,4,13,110000,2017,8,1,0,1004.2,1008.3,0.5,1.1,1004.2,2341,1003.9,2301,27.3,27.3,2346,26.2,2301,1.5,37.6,25.7,23.8,81,81,2355,29.4,0,0,0,0,0,999999,999999,999999,55,1,52,1.2,59,1.5,2356,57,1,65,2.2,2350,65,2.2,125,4.8,31.2,31.2,0,26.5,2301,24.1,26.9,26.5,26.8,26.8,25.3,23.6,21,16.2,30.9,30.9,0,26.4,2301,3200,999999,999999,999999,5,999999,06:31.0,,,
2017/8/1 8:00,ÂØÜ‰∫ë,‰∏≠ÂõΩ,Âåó‰∫¨Â∏?Â∏ÇËæñÂå?ÂØÜ‰∫ëÂå?2017-08-01 08:00:00.0,,54416,54416,40.3833,116.8667,71.8,73,999999,4,11,110000,2017,8,1,0,1000.1,1008.5,0.4,1.3,1000.1,2356,999.9,2301,26.6,26.6,2358,24.7,2301,2.3,31.9,22.7,23.5,83,83,0,28.9,0,0,0,0,0,999999,999999,0,54,0.8,54,0.6,47,1.5,2304,63,1.2,59,2.4,2316,94,2.6,94,2.6,33,33,0,25.8,2302,22.2,25.9,25.3,25.3,25.8,26.6,24.6,22.3,16.2,35.9,36.2,2356,26,2303,2800,50,999999,0,5,2500,06:31.0,,,
2017/8/1 8:00,ÊÄÄÊü?‰∏≠ÂõΩ,Âåó‰∫¨Â∏?Â∏ÇËæñÂå?ÊÄÄÊüîÂå∫,00:00.0,,54419,54419,40.3667,116.6333,75.7,76.8,999999,4,13,110116,2017,8,1,0,999.6,1008.4,0.3,1.1,999.7,2355,999.3,2301,26,26,2346,25.1,2301,1.6,32.2,24.1,23.5,86,85,2354,28.9,0,0,0.3,0.3,0.3,999999,999999,999999,90,0.9,114,0.5,33,0.8,2303,99,0.9,258,1.2,2325,176,2.9,176,2.9,28.3,30.8,2339,27,2301,22.8,27.8,26.6,26.5,26.7,25.5,24,999999,999999,27.3,28.3,2340,26.6,2301,3100,999999,999999,999999,5,999999,06:31.0,,,
2017/8/1 8:00,Áü≥ÊôØÂ±?‰∏≠ÂõΩ,Âåó‰∫¨Â∏?Â∏ÇËæñÂå?Áü≥ÊôØÂ±±Âå∫,00:00.0,,54513,54513,39.9425,116.2053,63,64.1,999999,4,13,110107,2017,8,1,0,1000.9,1008.2,0.4,1.2,1000.9,2350,1000.5,2313,26.5,26.5,2356,25.2,2301,1.4,32.7,23.7,22.4,78,78,2356,27,0,0,0,0,0,999999,999999,999999,39,1.5,54,1.6,55,1.6,2357,31,1.4,23,2.4,2358,23,2.4,204,3.3,30.5,30.5,0,26.9,2301,23.3,26,25.8,26,26.4,25.6,24.3,21.5,16.4,31.1,31.1,2359,27.2,2301,7200,999999,999999,999999,5,999999,06:31.0,,,
2017/8/1 8:00,‰∏∞Âè∞,‰∏≠ÂõΩ,Âåó‰∫¨Â∏?Â∏ÇËæñÂå?‰∏∞Âè∞Âå?2017-08-01 08:00:00.0,,54514,54514,39.8667,116.25,55.2,56.7,999999,4,13,110106,2017,8,1,0,1001.8,1008.3,0.4,1.2,1001.8,2340,1001.4,2301,27.8,27.8,2356,25.9,2301,1.2,33.4,24.3,23.8,79,79,2337,29.5,0,0,0,0,0,999999,999999,999999,167,0.7,306,0.9,300,1.3,2350,108,0.9,295,2.4,2348,295,2.4,295,2.4,34.6,34.7,2358,28.9,2301,23.4,28.6,28.2,28.6,29,26.5,24.9,22.6,17.8,32,32.1,2355,27.4,2301,4700,999999,999999,999999,5,999999,06:31.0,,,
2017/8/1 8:00,Âåó‰∫¨,‰∏≠ÂõΩ,Âåó‰∫¨Â∏?Â∏ÇËæñÂå?Â§ßÂÖ¥Âå?2017-08-01 08:00:00.0,,54511,54511,39.8,116.4667,31.3,32.3,999999,4,12,110115,2017,8,1,0,1004.4,1008.1,0.4,1.3,1004.4,2359,1004.1,2301,26.9,26.9,2344,25.9,2301,1.5,32.2,25.5,23.4,81,81,2345,28.7,0,0,0,0,0,999999,999999,0.1,87,1.5,69,1.9,65,2,2358,79,1.8,79,2.7,2356,79,2.7,191,3.9,33.5,33.5,0,27.9,2301,24.8,28.1,27.8,28.1,28.3,26.4,24.6,21.3,16.6,33.5,33.9,2344,27.3,2301,2600,100,999999,0,5,5500,06:31.0,,,
2017/8/1 8:00,Êµ∑Ê∑Ä,‰∏≠ÂõΩ,Âåó‰∫¨Â∏?Â∏ÇËæñÂå?Êµ∑Ê∑ÄÂå?2017-08-01 08:00:00.0,,54399,54399,39.9833,116.2833,45.8,46.9,999999,4,13,110108,2017,8,1,0,1002.8,1008.2,0.5,1.2,1002.8,2342,1002.4,2315,26,26,2353,25.1,2301,1.6,33.7,23.8,23.1,84,84,2340,28.2,0,0,0,0,0,999999,999999,999999,20,1.3,23,1.1,28,1.5,2346,62,1.6,31,3.2,2358,31,3.2,31,3.2,27.8,27.8,0,25.9,2301,23.3,25.7,25.4,25.6,25.8,25.8,24.1,20.9,16.3,27.9,27.9,2359,26.2,2301,3900,999999,999999,999999,0,999999,06:31.0,,,
2017/8/1 8:00,È°∫‰πâ,‰∏≠ÂõΩ,Âåó‰∫¨Â∏?Â∏ÇËæñÂå?È°∫‰πâÂå?2017-08-01 08:00:00.0,,54398,54398,40.1333,116.6167,28.6,29.6,999999,4,13,110000,2017,8,1,0,1004.9,1008.3,0.4,1.1,1004.9,2345,1004.6,2301,26.4,26.5,2346,26.1,2302,1.7,32.5,24.7,23.5,84,83,2349,28.9,0,0,0,0,0,999999,999999,999999,86,1.2,98,1.3,117,1.4,2310,91,1.5,122,2.2,2302,156,3.8,133,4.2,29.7,30.1,2345,28.8,2304,24.6,27.7,27,27.1,27.1,25.9,24,20.9,15.5,29.4,30.3,2345,29.2,2358,4000,999999,999999,999999,5,999999,06:31.0,,,
2017/8/1 8:00,ÊòåÂπ≥,‰∏≠ÂõΩ,Âåó‰∫¨Â∏?Â∏ÇËæñÂå?ÊòåÂπ≥Âå?2017-08-01 08:00:00.0,,54499,54499,40.2167,116.2167,76.2,77.4,999999,4,13,110000,2017,8,1,0,999.8,1008.6,0.5,1.3,999.8,2358,999.4,2312,26,26,2358,25.1,2301,1,33.2,24.4,22.5,81,81,2337,27.2,0,0,0,0,0,999999,999999,999999,262,1.1,270,1.1,274,1.2,2330,258,1.4,252,1.9,2349,102,3.3,94,3.4,29.2,29.2,0,25.3,2301,23.1,25.9,25.9,26.2,26.5,25.4,23.9,21,16.4,30.7,30.7,0,26,2302,4200,999999,999999,999999,5,999999,06:31.0,,,
2017/8/1 8:00,Â§ßÂÖ¥,‰∏≠ÂõΩ,Âåó‰∫¨Â∏?Â∏ÇËæñÂå?Â§ßÂÖ¥Âå?2017-08-01 08:00:00.0,,54594,54594,39.7186,116.3544,37.5,38.7,999999,4,13,110000,2017,8,1,0,1003.6,1008,0.4,1.3,1003.6,2351,1003.3,2301,27.1,27.1,2358,25.6,2301,2.5,31.7,23.6,23.6,81,81,0,29,0,0,0,0,0,999999,999999,999999,53,1.3,77,1.6,91,2.1,2313,45,1.3,87,3.1,2345,87,3.1,87,3.1,32.3,32.3,2358,27.7,2301,24,27.2,26.9,27.2,27.6,26.3,24.9,22.2,17.1,32.2,32.2,0,27.9,2301,2500,999999,999999,999999,5,999999,06:31.0,,,
2017/8/1 8:00,Èúû‰∫ëÂ≤?‰∏≠ÂõΩ,Âåó‰∫¨Â∏?Â∏ÇËæñÂå?ÊàøÂ±±Âå?2017-08-01 08:00:00.0,,54597,54597,39.7286,115.7406,407.7,408.7,999999,4,13,110111,2017,8,1,0,962.4,1008.6,0.2,1.5,962.4,2351,962.1,2301,22.8,22.8,0,20.9,2301,0.5,31.5,19.9,20.3,86,86,2340,23.9,0,0,0,0,0,999999,999999,999999,108,0.7,285,0.4,86,1,2339,88,1,130,1.5,2315,176,1.6,230,2.6,29.2,29.2,0,24.6,2301,20.3,24.6,24.7,25.3,26,23.9,999999,999999,999999,27.6,27.6,0,23.8,2301,4700,999999,999999,999999,5,999999,06:31.0,,,,
2017/8/1 8:00,ÊàøÂ±±,‰∏≠ÂõΩ,Âåó‰∫¨Â∏?Â∏ÇËæñÂå?ÊàøÂ±±Âå?2017-08-01 08:00:00.0,,54596,54596,39.7728,116.1942,48.9,49.9,999999,4,13,110111,2017,8,1,0,1002.6,1008.3,0.4,1.2,1002.6,2353,1002.2,2301,26.8,26.8,2359,24.3,2301,1.6,32.2,22.7,22.2,76,76,2355,26.8,0,0,0,0,0,999999,999999,999999,4,1.1,3,1,353,1.3,2305,6,1.5,9,2.1,2305,201,2.7,201,3.1,34,34.4,2357,27.9,2301,22.5,26.9,26.8,27,27.3,26.3,24.6,22,16.7,32.5,33.2,2356,26.6,2301,2300,999999,999999,999999,5,999999,06:31.0,,,
2017/8/1 9:00,ÊúùÈò≥,‰∏≠ÂõΩ,Âåó‰∫¨Â∏?Â∏ÇËæñÂå?ÊúùÈò≥Âå?2017-08-01 09:00:00.0,,54433,54433,39.95,116.5,35.3,36.3,999999,4,13,110000,2017,8,1,1,1004.1,1008.2,0.3,1.3,1004.3,3,1004.1,100,28.2,28.2,36,27.3,1,1,37.6,25.7,24,78,77,26,29.8,0,0,0,0,0,999999,999999,999999,45,1.5,35,1.5,39,1.6,54,79,1.8,68,2.6,54,68,2.6,147,3.6,34.6,34.6,25,31.5,1,24.1,28.5,27.1,26.9,26.7,25.3,23.6,21,16.2,33,34,26,31.1,1,3600,999999,999999,999999,5,999999,06:31.0,,,
2017/8/1 9:00,ÈÄöÂ∑û,‰∏≠ÂõΩ,Âåó‰∫¨Â∏?Â∏ÇËæñÂå?ÈÄöÂ∑ûÂå?2017-08-01 09:00:00.0,,54431,54431,39.85,116.75,19.8,20.8,999999,4,13,110112,2017,8,1,1,1005.7,1008.1,0.2,1.4,1005.9,20,1005.7,1,27.5,27.5,52,26.1,1,1.5,31.4,23.1,23.5,79,78,56,29,0,0,0,0,0,999999,999999,999999,103,2.2,109,2.2,106,2.5,2,107,2.4,113,3.6,8,113,3.6,113,3.6,34.7,34.7,100,30.2,1,23.5,27.5,26.3,26,26.1,25.2,23.6,21.2,16.4,33.7,34.1,55,29.1,1,3600,999999,999999,999999,5,999999,06:31.0,,,
2017/8/1 9:00,Âª∂Â∫Ü,‰∏≠ÂõΩ,Âåó‰∫¨Â∏?Â∏ÇËæñÂå?Âª∂Â∫ÜÂå?2017-08-01 09:00:00.0,,54406,54406,40.45,115.9667,487.9,489.1,999999,4,12,110229,2017,8,1,1,953.6,1008.3,0.3,1.5,953.7,1,953.5,34,25.6,25.8,37,24.4,1,0.4,30.5,20.9,20.8,75,71,56,24.6,0,0,0,0,0,999999,999999,0,56,0.8,97,1.1,78,1.5,54,9,1.2,31,2.8,27,31,2.8,31,2.8,33.3,33.3,100,28.7,1,19.8,26.3,24.2,24,24.1,23.8,21.6,18.6,13.8,30,31.3,23,28,1,3400,999999,999999,999999,5,999999,06:31.0,,,
2017/8/1 9:00,ÊòåÂπ≥,‰∏≠ÂõΩ,Âåó‰∫¨Â∏?Â∏ÇËæñÂå?ÊòåÂπ≥Âå?2017-08-01 09:00:00.0,,54499,54499,40.2167,116.2167,76.2,77.4,999999,4,13,110000,2017,8,1,1,999.5,1008.3,0.2,1.3,999.8,1,999.5,50,27.2,27.2,54,26.1,1,1.3,33.2,24.4,22.8,77,76,59,27.8,0,0,0,0,0,999999,999999,999999,181,1.2,266,1.1,273,1.3,10,179,1.4,320,2,22,102,3.3,102,3.3,31.2,32.2,54,29.1,11,23.1,27.6,26.4,26.2,26.4,25.3,23.9,21,16.4,32,34.1,56,30.1,12,4200,999999,999999,999999,5,999999,06:31.0,,,
2017/8/1 9:00,ÂØÜ‰∫ë,‰∏≠ÂõΩ,Âåó‰∫¨Â∏?Â∏ÇËæñÂå?ÂØÜ‰∫ëÂå?2017-08-01 09:00:00.0,,54416,54416,40.3833,116.8667,71.8,73,999999,4,11,110000,2017,8,1,1,1000.1,1008.5,0.2,1.6,1000.2,22,1000.1,1,27.6,27.7,58,26.7,1,1.1,31.9,22.7,23.6,79,78,48,29.2,0,0,0,0,0,999999,999999,0,999017,0,55,0.3,96,0.8,19,999017,0,53,1.5,31,94,2.6,94,2.6,34.6,34.6,100,31.2,19,22.2,27.6,26.2,25.6,25.8,26.5,24.6,22.3,16.2,36.5,36.5,100,31.8,19,3600,999999,999999,999999,5,999999,06:31.0,,,
2017/8/1 9:00,ÊÄÄÊü?‰∏≠ÂõΩ,Âåó‰∫¨Â∏?Â∏ÇËæñÂå?ÊÄÄÊüîÂå∫,00:00.0,,54419,54419,40.3667,116.6333,75.7,76.8,999999,4,13,110116,2017,8,1,1,999.5,1008.3,0.2,1.4,999.8,28,999.5,54,26.5,26.6,51,26,1,0.7,32.2,24.1,23.8,85,84,52,29.4,0,0,0.3,0.3,0.3,999999,999999,999999,88,1,107,1.1,36,1.1,32,85,1.6,122,1.9,54,176,2.9,176,2.9,31.4,31.4,41,28.2,1,22.8,28.6,27.2,26.8,26.7,25.5,24,999999,999999,27.9,28.4,44,26.9,3,3100,999999,999999,999999,5,999999,06:31.0,,,
2017/8/1 9:00,Èó®Â§¥Ê≤?‰∏≠ÂõΩ,Âåó‰∫¨Â∏?Â∏ÇËæñÂå?Èó®Â§¥Ê≤üÂå∫,00:00.0,,54505,54505,39.8878,116.1564,85.5,86.6,999999,4,13,110109,2017,8,1,1,998.3,1008.2,0.2,1.2,998.7,20,998.3,56,27.1,27.1,57,25.8,1,0,31.9,22.8,22.1,74,74,57,26.5,0,0,0,0,0,999999,999999,999999,332,2,324,1.6,317,2.5,6,323,2,329,3.7,5,329,3.7,329,3.7,36.8,36.8,100,30.5,21,22.7,27.8,26.8,27,27.1,25.7,24.8,23.4,20.3,30.9,30.9,100,27,21,3200,999999,999999,999999,5,999999,06:31.0,,,
2017/8/1 9:00,ÊñãÂ†Ç,‰∏≠ÂõΩ,Âåó‰∫¨Â∏?Â∏ÇËæñÂå?Èó®Â§¥Ê≤üÂå∫,00:00.0,,54501,54501,39.975,115.6917,440.3,441.3,999999,4,13,110109,2017,8,1,1,958.7,1008.4,0,1.3,959.1,1,958.7,58,24,24,58,21,1,0.8,30.7,19.3,20.5,81,79,59,24.2,0,0,0,0,0,999999,999999,999999,350,0.5,47,1,123,1.5,27,79,1.1,79,2.7,36,79,2.7,170,3,32.9,32.9,100,25.4,6,19.1,25.4,24.4,24.7,25.1,24.6,23.3,999999,999999,35.6,35.9,55,26.8,6,2700,999999,999999,999999,5,999999,06:31.0,,
2017/8/1 9:00,È°∫‰πâ,‰∏≠ÂõΩ,Âåó‰∫¨Â∏?Â∏ÇËæñÂå?È°∫‰πâÂå?2017-08-01 09:00:00.0,,54398,54398,40.1333,116.6167,28.6,29.6,999999,4,13,110000,2017,8,1,1,1004.9,1008.3,0.3,1.5,1005,1,1004.9,9,27.4,27.4,55,26.4,3,1.7,32.5,25.4,23.4,79,79,57,28.8,0,0,0,0,0,999999,999999,999999,22,1.3,46,1.4,53,1.6,56,23,1.8,3,2.5,17,156,3.8,133,4.2,35.8,35.8,100,29.6,7,24.6,29.2,27.5,27.2,27,25.9,24,20.9,15.5,35.1,35.5,57,29.1,5,4400,999999,999999,999999,5,999999,06:31.0,,,
2017/8/1 9:00,Êµ∑Ê∑Ä,‰∏≠ÂõΩ,Âåó‰∫¨Â∏?Â∏ÇËæñÂå?Êµ∑Ê∑ÄÂå?2017-08-01 09:00:00.0,,54399,54399,39.9833,116.2833,45.8,46.9,999999,4,13,110108,2017,8,1,1,1002.6,1008,0.2,1.3,1002.9,4,1002.6,56,27.7,27.7,59,26,1,1.3,33.7,23.8,23.3,77,77,56,28.6,0,0,0,0,0,999999,999999,999999,6,1.3,16,1.3,352,1.7,32,51,1.4,309,2.9,25,31,3.2,31,3.2,32.6,32.6,100,27.8,1,23.3,27.1,25.8,25.7,25.7,25.8,24.1,20.9,16.3,32.1,32.1,59,28,1,4300,999999,999999,999999,5,999999,06:31.0,,,
2017/8/1 9:00,Áü≥ÊôØÂ±?‰∏≠ÂõΩ,Âåó‰∫¨Â∏?Â∏ÇËæñÂå?Áü≥ÊôØÂ±±Âå∫,00:00.0,,54513,54513,39.9425,116.2053,63,64.1,999999,4,13,110107,2017,8,1,1,1000.6,1007.9,0.1,1.2,1001,1,1000.6,100,27.5,27.6,51,26.6,1,1,32.7,23.7,22.5,74,74,57,27.2,0,0,0,0,0,999999,999999,999999,13,2.5,11,2.2,39,2.2,20,26,3.9,26,3.9,100,26,3.9,26,3.9,36.3,36.3,100,30.7,1,23.3,27.3,26.3,26.1,26.3,25.5,24.3,21.5,16.4,35.5,36,51,31.2,1,7100,999999,999999,999999,5,999999,06:31.0,,,
2017/8/1 9:00,‰∏∞Âè∞,‰∏≠ÂõΩ,Âåó‰∫¨Â∏?Â∏ÇËæñÂå?‰∏∞Âè∞Âå?2017-08-01 09:00:00.0,,54514,54514,39.8667,116.25,55.2,56.7,999999,4,13,110106,2017,8,1,1,1001.6,1008.1,0.3,1.3,1001.9,4,1001.6,58,28.6,28.9,50,27.8,1,0.9,33.4,24.3,24,76,75,53,29.7,0,0,0,0,0,999999,999999,999999,53,1.6,37,1.9,41,1.9,54,54,1.7,3,3.4,56,3,3.4,3,3.4,38.6,39.9,52,34.3,4,23.4,30.4,28.9,28.7,28.9,26.5,24.9,22.6,17.8,35.1,36.5,49,31.2,27,5000,999999,999999,999999,5,999999,06:31.0,,,
2017/8/1 9:00,Âåó‰∫¨,‰∏≠ÂõΩ,Âåó‰∫¨Â∏?Â∏ÇËæñÂå?Â§ßÂÖ¥Âå?2017-08-01 09:00:00.0,,54511,54511,39.8,116.4667,31.3,32.3,999999,4,12,110115,2017,8,1,1,1004.4,1008.1,0.5,1.5,1004.5,14,1004.3,32,28,28.1,45,26.9,1,1,32.2,25.5,23.4,76,75,51,28.7,0,0,0,0,0,999999,999999,0,56,1.5,45,1.4,65,2,50,17,1.8,20,3.4,45,20,3.4,191,3.9,36.2,37.9,38,33.7,1,24.8,29.5,28.4,28.2,28.2,26.4,24.6,21.3,16.6,35.8,38.6,41,33.8,1,2800,999999,999999,999999,5,470,06:31.0,,,
2017/8/1 9:00,ÊàøÂ±±,‰∏≠ÂõΩ,Âåó‰∫¨Â∏?Â∏ÇËæñÂå?ÊàøÂ±±Âå?2017-08-01 09:00:00.0,,54596,54596,39.7728,116.1942,48.9,49.9,999999,4,13,110111,2017,8,1,1,1002.3,1008,0.2,1.1,1002.6,1,1002.3,59,28.8,28.8,53,26.8,1,1.4,32.2,22.7,22.8,70,69,56,27.7,0,0,0,0,0,999999,999999,999999,21,0.8,68,1.3,57,1.4,45,40,0.9,34,2.4,57,34,2.4,201,3.1,41.4,41.4,100,33.8,1,22.5,28.5,27.4,27.1,27.2,26.3,24.6,22,16.7,38,38.3,53,32.3,3,2500,999999,999999,999999,5,999999,06:31.0,,,
2017/8/1 9:00,Èúû‰∫ëÂ≤?‰∏≠ÂõΩ,Âåó‰∫¨Â∏?Â∏ÇËæñÂå?ÊàøÂ±±Âå?2017-08-01 09:00:00.0,,54597,54597,39.7286,115.7406,407.7,408.7,999999,4,13,110111,2017,8,1,1,962.2,1008.3,0.2,1.6,962.5,2,962.1,55,25.8,25.8,58,23,1,0.6,31.5,19.9,20.6,73,73,100,24.2,0,0,0,0,0,999999,999999,999999,55,0.9,66,1,357,1.2,36,60,1.1,357,1.8,24,357,1.8,230,2.6,36.3,36.3,100,29.3,1,20.3,27.1,25.4,25.3,25.8,23.9,999999,999999,999999,33,33,100,27.9,1,6000,999999,999999,999999,5,999999,06:31.0,,,,
2017/8/1 9:00,Â§ßÂÖ¥,‰∏≠ÂõΩ,Âåó‰∫¨Â∏?Â∏ÇËæñÂå?Â§ßÂÖ¥Âå?2017-08-01 09:00:00.0,,54594,54594,39.7186,116.3544,37.5,38.7,999999,4,13,110000,2017,8,1,1,1003.5,1007.9,0.3,1.3,1003.7,4,1003.5,58,28.5,28.5,100,27.1,1,1.7,31.7,23.6,24.1,77,75,44,30,0,0,0,0,0,999999,999999,999999,65,1.9,73,1.4,97,1.8,29,73,2,93,3.4,58,93,3.4,93,3.4,37.6,37.6,100,32.4,1,24,29,27.6,27.3,27.5,26.3,24.9,22.2,17.1,37.1,37.1,100,32.1,2,3000,999999,999999,999999,5,999999,06:31.0,,,
2017/8/1 9:00,‰∏äÁî∏Â≠?‰∏≠ÂõΩ,Âåó‰∫¨Â∏?Â∏ÇËæñÂå?ÂØÜ‰∫ëÂå?2017-08-01 09:00:00.0,,54421,54421,40.65,117.1167,293.3,294.3,999999,4,13,110228,2017,8,1,1,975.2,1008.5,0.1,1.5,975.4,1,975.2,42,26.1,26.2,45,24.6,5,1.1,31.6,21.1,22,78,78,47,26.4,0,0,0,0,0,999999,999999,999999,64,1.5,70,1.5,61,1.8,5,57,1.7,60,2.6,45,31,3.3,247,3.9,34.7,36.2,43,31.4,3,22.7,28.7,26.1,25.8,26.1,26.1,999999,999999,999999,30.4,32.9,13,29.5,28,3700,999999,999999,999999,5,999999,06:31.0,,,,
2017/8/1 9:00,Âπ≥Ë∞∑,‰∏≠ÂõΩ,Âåó‰∫¨Â∏?Â∏ÇËæñÂå?Âπ≥Ë∞∑Âå?2017-08-01 09:00:00.0,,54424,54424,40.1667,117.1167,32.1,33.3,999999,4,13,110000,2017,8,1,1,1004.5,1008.3,0,1.5,1004.5,12,1004.4,1,28.7,28.8,54,26.7,1,3.1,32.2,23.2,23.2,72,71,56,28.3,0,0,0,0,0,999999,999999,999999,275,1,11,0.6,56,2,1,283,1.5,40,2.5,29,68,3.5,68,3.5,41.8,41.8,59,31.2,2,23.2,28.7,26.6,26.4,26.3,25.7,23.6,19.7,14.5,32.6,32.7,57,28.2,1,5900,999999,999999,999999,5,999999,06:31.0,,,
2017/8/1 10:00,ÊúùÈò≥,‰∏≠ÂõΩ,Âåó‰∫¨Â∏?Â∏ÇËæñÂå?ÊúùÈò≥Âå?2017-08-01 10:00:00.0,,54433,54433,39.95,116.5,35.3,36.3,999999,4,13,110000,2017,8,1,2,1004,1008.1,0,1.3,1004.1,101,1004,114,28.8,29.2,122,28.2,101,0.1,37.6,25.7,23.7,74,72,150,29.3,0,0,0,0,0,999999,999999,999999,100,1,80,1.8,64,2.4,131,125,1.5,65,3.7,124,65,3.7,65,3.7,37.3,39.7,146,35,101,24.1,30.4,28.1,27.2,26.8,25.3,23.6,21,16.2,33.5,37.3,123,33.2,101,3600,999999,999999,999999,5,999999,06:31.0,,,
2017/8/1 10:00,ÈÄöÂ∑û,‰∏≠ÂõΩ,Âåó‰∫¨Â∏?Â∏ÇËæñÂå?ÈÄöÂ∑ûÂå?2017-08-01 10:00:00.0,,54431,54431,39.85,116.75,19.8,20.8,999999,4,13,110112,2017,8,1,2,1005.7,1008.1,0.2,1.4,1005.9,111,1005.7,101,28.2,28.2,126,27.6,101,0.7,31.4,23.1,23.6,76,75,146,29.1,0,0,0,0,0,999999,999999,999999,103,1.4,109,1.8,110,2.2,101,70,1.5,115,3,134,113,3.6,113,3.6,34.5,35.4,106,33.8,142,23.5,28.8,27,26.2,26,25.2,23.5,21.2,16.4,33.7,34.8,126,33.2,143,4400,999999,999999,999999,5,999999,06:31.0,,,
2017/8/1 10:00,Âª∂Â∫Ü,‰∏≠ÂõΩ,Âåó‰∫¨Â∏?Â∏ÇËæñÂå?Âª∂Â∫ÜÂå?2017-08-01 10:00:00.0,,54406,54406,40.45,115.9667,487.9,489.1,999999,4,12,110229,2017,8,1,2,953.4,1008.1,-0.1,1.4,953.6,101,953.4,155,26.7,26.7,157,25.7,101,0.3,30.5,20.9,19.8,66,66,138,23.1,0,0,0,0,0,999999,999999,0,66,0.8,332,0.8,33,1.2,120,82,1.3,9,2.6,134,31,2.8,31,2.8,35.5,38.2,156,33.5,101,19.8,28.4,25.3,24.4,24.2,23.8,21.6,18.6,13.8,30.9,33.5,154,30.1,101,4200,999999,999999,999999,5,999999,06:31.0,,,
2017/8/1 10:00,ÊòåÂπ≥,‰∏≠ÂõΩ,Âåó‰∫¨Â∏?Â∏ÇËæñÂå?ÊòåÂπ≥Âå?2017-08-01 10:00:00.0,,54499,54499,40.2167,116.2167,76.2,77.4,999999,4,13,110000,2017,8,1,2,999.4,1008.2,0,1.3,999.5,101,999.4,110,27.8,27.8,158,27.2,101,0.2,33.2,24.4,23,75,74,156,28,0,0,0,0,0,999999,999999,999999,294,1.3,316,1,345,1.3,144,349,2.3,14,2.4,144,14,2.4,102,3.3,32.2,32.2,157,30.4,120,23.1,28.7,27.2,26.5,26.4,25.3,23.9,21,16.4,32.6,33.2,133,30.1,119,4500,999999,999999,999999,5,999999,06:31.0,,,
2017/8/1 10:00,ÂØÜ‰∫ë,‰∏≠ÂõΩ,Âåó‰∫¨Â∏?Â∏ÇËæñÂå?ÂØÜ‰∫ëÂå?2017-08-01 10:00:00.0,,54416,54416,40.3833,116.8667,71.8,73,999999,4,11,110000,2017,8,1,2,999.8,1008.2,-0.1,1.3,1000.1,101,999.8,123,28.6,28.8,157,27.7,101,0.5,31.9,22.7,23.5,74,74,200,29,0,0,0,0,0,999999,999999,0,999017,0.2,84,0.5,88,1.4,115,999017,0,129,2.5,118,94,2.6,94,2.6,39.2,39.2,200,34,110,22.2,29.2,27.2,26.2,25.9,26.5,24.6,22.3,16.2,40,40,200,34.4,146,4400,999999,999999,999999,5,999999,06:31.0,,,
2017/8/1 10:00,ÊÄÄÊü?‰∏≠ÂõΩ,Âåó‰∫¨Â∏?Â∏ÇËæñÂå?ÊÄÄÊüîÂå∫,00:00.0,,54419,54419,40.3667,116.6333,75.7,76.8,999999,4,13,110116,2017,8,1,2,999.4,1008.2,0.1,1.5,999.5,101,999.3,154,28.2,28.2,157,26.6,101,0.6,32.2,24.1,23.6,76,76,200,29.1,0,0,0.3,0.3,0.3,999999,999999,999999,300,0.9,266,0.9,84,1.4,117,337,1.3,65,2.1,109,145,2.3,176,2.9,38.4,40.2,156,30.9,111,22.8,31.1,27.9,27.1,26.8,25.5,24,999999,999999,31.6,32,156,27.8,112,3600,999999,999999,999999,5,999999,06:31.0,,,
2017/8/1 10:00,Èó®Â§¥Ê≤?‰∏≠ÂõΩ,Âåó‰∫¨Â∏?Â∏ÇËæñÂå?Èó®Â§¥Ê≤üÂå∫,00:00.0,,54505,54505,39.8878,116.1564,85.5,86.6,999999,4,13,110109,2017,8,1,2,998.3,1008.2,0,1.2,998.4,112,998.3,101,29.1,29.1,156,27.1,101,0.8,31.9,22.8,22.6,68,67,159,27.4,0,0,0,0,0,999999,999999,999999,98,1.3,88,1,321,1.7,102,96,1.2,307,2.8,103,329,3.7,329,3.7,42.1,42.6,153,36.3,107,22.7,29.7,27.6,27.1,27,25.7,24.8,23.4,20.3,33.8,34,153,30.6,107,3400,999999,999999,999999,5,999999,06:31.0,,,
2017/8/1 10:00,ÊñãÂ†Ç,‰∏≠ÂõΩ,Âåó‰∫¨Â∏?Â∏ÇËæñÂå?Èó®Â§¥Ê≤üÂå∫,00:00.0,,54501,54501,39.975,115.6917,440.3,441.3,999999,4,13,110109,2017,8,1,2,958.3,1007.9,-0.4,0.8,958.7,101,958.3,148,26.2,26.7,154,24,101,1,30.7,19.3,19.3,66,66,155,22.4,0,0,0,0,0,999999,999999,999999,5,1.4,39,1.6,125,1.6,126,349,1.6,68,2.9,126,68,2.9,170,3,40.6,40.6,200,33.4,101,19.1,28.4,25.5,24.9,25,24.6,23.3,999999,999999,43,43.5,159,35.9,101,4700,999999,999999,999999,5,999999,06:31.0,,
2017/8/1 10:00,È°∫‰πâ,‰∏≠ÂõΩ,Âåó‰∫¨Â∏?Â∏ÇËæñÂå?È°∫‰πâÂå?2017-08-01 10:00:00.0,,54398,54398,40.1333,116.6167,28.6,29.6,999999,4,13,110000,2017,8,1,2,1004.6,1008,0,1.2,1004.9,101,1004.6,121,28.7,28.8,138,27.5,101,0.7,32.5,25.4,23.4,73,72,141,28.7,0,0,0,0,0,999999,999999,999999,126,1.4,107,1.7,55,1.9,123,111,1.9,40,3.8,122,40,3.8,136,4,42,42,200,35.4,104,24.6,32.4,28.6,27.5,27.1,25.9,24,21,15.6,42.4,42.4,200,34.4,102,4800,999999,999999,999999,5,999999,06:31.0,,,
2017/8/1 10:00,Êµ∑Ê∑Ä,‰∏≠ÂõΩ,Âåó‰∫¨Â∏?Â∏ÇËæñÂå?Êµ∑Ê∑ÄÂå?2017-08-01 10:00:00.0,,54399,54399,39.9833,116.2833,45.8,46.9,999999,4,13,110108,2017,8,1,2,1002.4,1007.8,-0.1,1.1,1002.6,101,1002.4,200,28.9,28.9,159,27.7,101,0.9,33.7,23.8,23.3,72,72,154,28.7,0,0,0,0,0,999999,999999,999999,287,0.9,326,1.1,21,1.5,102,244,1.4,40,2.9,101,31,3.2,31,3.2,35.5,35.7,158,32.7,101,23.3,28.9,26.7,26.1,25.8,25.7,24.1,20.9,16.3,33.5,33.6,159,31.8,139,4500,999999,999999,999999,5,999999,06:31.0,,,
2017/8/1 10:00,Áü≥ÊôØÂ±?‰∏≠ÂõΩ,Âåó‰∫¨Â∏?Â∏ÇËæñÂå?Áü≥ÊôØÂ±±Âå∫,00:00.0,,54513,54513,39.9425,116.2053,63,64.1,999999,4,13,110107,2017,8,1,2,1000.6,1007.9,0,1.2,1000.8,126,1000.6,156,29,29,159,27.5,101,1.1,32.7,23.7,22.5,68,68,156,27.2,0,0,0,0,0,999999,999999,999999,61,1,44,1.3,12,2.5,103,116,1.1,37,3.7,101,26,3.9,26,3.9,42.4,42.4,200,35.9,104,23.3,29.2,27,26.4,26.3,25.5,24.3,21.5,16.4,40.6,40.6,200,35,104,8400,999999,999999,999999,0,999999,06:31.0,,,
2017/8/1 10:00,‰∏∞Âè∞,‰∏≠ÂõΩ,Âåó‰∫¨Â∏?Â∏ÇËæñÂå?‰∏∞Âè∞Âå?2017-08-01 10:00:00.0,,54514,54514,39.8667,116.25,55.2,56.7,999999,4,13,110106,2017,8,1,2,1001.5,1008,0.1,1,1001.7,125,1001.5,105,29.5,29.5,200,28.6,101,0.7,33.4,24.3,24.4,74,73,114,30.5,0,0,0,0,0,999999,999999,999999,38,1.4,319,0.9,39,1.9,101,57,2.1,74,3.2,102,3,3.4,3,3.4,41.6,41.6,122,38.1,145,23.4,31.8,29.9,29.1,28.9,26.5,24.9,22.6,17.8,37.1,37.9,109,33.1,144,5200,999999,999999,999999,5,999999,06:31.0,,,
2017/8/1 10:00,Âåó‰∫¨,‰∏≠ÂõΩ,Âåó‰∫¨Â∏?Â∏ÇËæñÂå?Â§ßÂÖ¥Âå?2017-08-01 10:00:00.0,,54511,54511,39.8,116.4667,31.3,32.3,999999,4,12,110115,2017,8,1,2,1004.2,1007.9,0.1,1.3,1004.4,101,1004.2,112,28.6,28.7,147,27.9,102,0.4,32.2,25.5,23.3,73,72,151,28.6,0,0,0,0,0,999999,999999,0.1,132,1.5,112,1.6,71,2.1,119,132,2.2,70,3.3,112,20,3.4,191,3.9,37,39.1,121,36.1,101,24.8,30.7,29.2,28.6,28.3,26.4,24.6,21.3,16.6,35.3,38.9,121,35.3,200,3400,999999,999999,999999,5,630,06:31.0,,,
2017/8/1 10:00,ÊàøÂ±±,‰∏≠ÂõΩ,Âåó‰∫¨Â∏?Â∏ÇËæñÂå?ÊàøÂ±±Âå?2017-08-01 10:00:00.0,,54596,54596,39.7728,116.1942,48.9,49.9,999999,4,13,110111,2017,8,1,2,1002.3,1008,0.1,1.1,1002.5,122,1002.3,101,29.6,29.6,159,28.9,101,0.9,32.2,22.7,22.8,67,65,128,27.8,0,0,0,0,0,999999,999999,999999,63,1.9,124,1.6,48,1.7,110,77,1.9,74,2.8,108,74,2.8,201,3.1,44.7,44.7,157,39,134,22.5,30.2,28.4,27.5,27.3,26.2,24.7,22,16.7,39.8,39.8,200,35.3,136,2900,999999,999999,999999,5,999999,06:31.0,,,
2017/8/1 10:00,Èúû‰∫ëÂ≤?‰∏≠ÂõΩ,Âåó‰∫¨Â∏?Â∏ÇËæñÂå?ÊàøÂ±±Âå?2017-08-01 10:00:00.0,,54597,54597,39.7286,115.7406,407.7,408.7,999999,4,13,110111,2017,8,1,2,961.9,1007.8,-0.2,1.3,962.2,101,961.9,145,27.7,27.7,200,25.7,102,-0.1,31.5,19.9,20.3,64,63,159,23.8,0,0,0,0,0,999999,999999,999999,43,1.2,352,1.3,341,1.4,157,45,1.5,343,2.3,155,343,2.3,230,2.6,43.3,43.3,200,36.4,101,20.3,30,26.9,25.8,25.8,23.9,999999,999999,999999,38.4,38.4,200,33,136,17700,999999,999999,999999,0,999999,06:31.0,,,,
2017/8/1 10:00,Â§ßÂÖ¥,‰∏≠ÂõΩ,Âåó‰∫¨Â∏?Â∏ÇËæñÂå?Â§ßÂÖ¥Âå?2017-08-01 10:00:00.0,,54594,54594,39.7186,116.3544,37.5,38.7,999999,4,13,110000,2017,8,1,2,1003.5,1007.9,0.2,1.2,1003.6,109,1003.5,101,28.8,28.9,156,28.2,124,0.3,31.7,23.6,23.2,72,72,157,28.5,0,0,0,0,0,999999,999999,999999,165,1.7,106,2,52,2,152,169,2,62,3.5,152,62,3.5,62,3.5,40.9,40.9,200,35.6,124,24,30.3,28.5,27.7,27.6,26.3,24.9,22.2,17.1,39.8,39.8,200,35.5,125,3300,999999,999999,999999,5,999999,06:31.0,,,
2017/8/1 10:00,‰∏äÁî∏Â≠?‰∏≠ÂõΩ,Âåó‰∫¨Â∏?Â∏ÇËæñÂå?ÂØÜ‰∫ëÂå?2017-08-01 10:00:00.0,,54421,54421,40.65,117.1167,293.3,294.3,999999,4,13,110228,2017,8,1,2,975,1008.3,-0.2,1.6,975.2,101,975,147,27.3,27.5,158,26.1,101,0.3,31.6,21.1,21.6,71,70,142,25.8,0,0,0,0,0,999999,999999,999999,215,0.7,199,1.1,143,1.6,121,190,1.3,116,2.2,117,31,3.3,31,3.3,39.4,40.3,138,34.7,101,22.7,30.7,27.1,26.2,26.1,26.2,999999,999999,999999,36,37.4,138,30.3,101,5400,999999,999999,999999,5,999999,06:31.0,,,,
2017/8/1 10:00,Âπ≥Ë∞∑,‰∏≠ÂõΩ,Âåó‰∫¨Â∏?Â∏ÇËæñÂå?Âπ≥Ë∞∑Âå?2017-08-01 10:00:00.0,,54424,54424,40.1667,117.1167,32.1,33.3,999999,4,13,110000,2017,8,1,2,1004.2,1008,-0.1,1.3,1004.5,101,1004.2,149,29.4,29.4,200,28.5,103,2.1,32.2,23.2,23.6,71,70,125,29.1,0,0,0,0,0,999999,999999,999999,308,1.6,244,1.5,244,1.5,200,312,2,190,3.2,152,68,3.5,68,3.5,45.8,45.8,200,37.8,144,23.2,30.8,27.8,26.7,26.3,25.7,23.6,19.7,14.6,34,34,200,31.9,146,7300,999999,999999,999999,5,999999,06:31.0,,,
2017/8/1 11:00,Èó®Â§¥Ê≤?‰∏≠ÂõΩ,Âåó‰∫¨Â∏?Â∏ÇËæñÂå?Èó®Â§¥Ê≤üÂå∫,00:00.0,,54505,54505,39.8878,116.1564,85.5,86.6,999999,4,13,110109,2017,8,1,3,998,1007.9,-0.6,1.5,998.3,201,998,259,29.1,29.8,218,29,251,-0.4,31.9,22.8,23.3,71,65,220,28.6,0,0,0,0,0,999999,999999,999999,112,1.2,125,1.3,131,1.8,243,84,1.3,96,2.5,231,329,3.7,329,3.7,41.3,44.9,216,39.3,246,22.7,31.5,28.7,27.5,27.1,25.7,24.8,23.4,20.3,32.2,35.8,216,30.5,245,3500,999999,999999,999999,5,999999,06:31.0,,,
2017/8/1 11:00,ÊñãÂ†Ç,‰∏≠ÂõΩ,Âåó‰∫¨Â∏?Â∏ÇËæñÂå?Èó®Â§¥Ê≤üÂå∫,00:00.0,,54501,54501,39.975,115.6917,440.3,441.3,999999,4,13,110109,2017,8,1,3,957.9,1007.3,-1.2,1,958.3,201,957.9,253,28.5,28.5,259,26.1,201,1.8,30.7,19.3,21.3,65,64,220,25.3,0,0,0,0,0,999999,999999,999999,86,1.9,90,2,94,2.3,254,88,2.3,82,3.3,215,82,3.3,82,3.3,46.5,46.8,259,40.9,201,19.1,31.8,27.3,25.6,25.2,24.6,23.3,999999,999999,46.7,46.9,226,42.6,202,7400,999999,999999,999999,5,999999,06:31.0,,
2017/8/1 11:00,Âª∂Â∫Ü,‰∏≠ÂõΩ,Âåó‰∫¨Â∏?Â∏ÇËæñÂå?Âª∂Â∫ÜÂå?2017-08-01 11:00:00.0,,54406,54406,40.45,115.9667,487.9,489.1,999999,4,12,110229,2017,8,1,3,953.1,1007.8,-0.6,1.5,953.5,201,953.1,230,27.6,27.8,250,26.7,201,0.3,30.5,20.9,19.7,62,60,252,22.9,0,0,0,0,0,999999,999999,0,143,1.6,47,1.2,76,1.8,237,167,1.9,79,4,231,79,4,79,4,39.7,42.4,248,34.6,204,19.8,30.3,26.5,25,24.4,23.7,21.7,18.6,13.8,33.2,34.9,249,29.9,205,6300,100,999999,70,5,1100,06:31.0,,,
2017/8/1 11:00,Âπ≥Ë∞∑,‰∏≠ÂõΩ,Âåó‰∫¨Â∏?Â∏ÇËæñÂå?Âπ≥Ë∞∑Âå?2017-08-01 11:00:00.0,,54424,54424,40.1667,117.1167,32.1,33.3,999999,4,13,110000,2017,8,1,3,1004.1,1007.9,-0.3,1.5,1004.2,201,1004.1,259,30.5,30.5,300,29.4,201,1.5,32.2,23.2,23.9,68,66,216,29.7,0,0,0,0,0,999999,999999,999999,34,1.3,103,1.1,209,2.1,233,45,2,150,3.5,252,150,3.5,150,3.5,48.7,49.8,257,43,232,23.2,33.4,29,27.4,26.5,25.7,23.6,19.7,14.6,37.6,37.6,300,34.2,201,6700,999999,999999,999999,5,999999,06:31.0,,,
2017/8/1 11:00,‰∏äÁî∏Â≠?‰∏≠ÂõΩ,Âåó‰∫¨Â∏?Â∏ÇËæñÂå?ÂØÜ‰∫ëÂå?2017-08-01 11:00:00.0,,54421,54421,40.65,117.1167,293.3,294.3,999999,4,13,110228,2017,8,1,3,974.6,1007.9,-0.8,1.6,975,201,974.6,256,28.4,28.7,250,27.2,205,0,31.6,21.1,21.9,68,67,253,26.3,0,0,0,0,0,999999,999999,999999,296,2.2,262,2.4,250,2.5,257,286,3.2,244,4.3,250,244,4.3,244,4.3,46.9,47.5,247,39,204,22.7,33,28.2,26.7,26.2,26.4,999999,999999,999999,42.7,43.1,247,35.1,202,6500,999999,999999,999999,5,999999,06:31.0,,,,
2017/8/1 11:00,ÈÄöÂ∑û,‰∏≠ÂõΩ,Âåó‰∫¨Â∏?Â∏ÇËæñÂå?ÈÄöÂ∑ûÂå?2017-08-01 11:00:00.0,,54431,54431,39.85,116.75,19.8,20.8,999999,4,13,110112,2017,8,1,3,1005.6,1008,-0.1,1.6,1005.7,201,1005.6,202,29,29.6,251,28.2,212,0.2,31.4,23.1,23.2,71,70,245,28.4,0,0,0,0,0,999999,999999,999999,131,1.2,121,2,96,2.1,222,141,1.4,152,3.8,244,152,3.8,152,3.8,37.3,41.1,242,34.7,201,23.5,30.2,27.7,26.5,26.2,25.2,23.6,21.2,16.4,35.9,40.3,245,33.7,208,6100,999999,999999,999999,5,999999,06:31.0,,,
2017/8/1 11:00,ÊúùÈò≥,‰∏≠ÂõΩ,Âåó‰∫¨Â∏?Â∏ÇËæñÂå?ÊúùÈò≥Âå?2017-08-01 11:00:00.0,,54433,54433,39.95,116.5,35.3,36.3,999999,4,13,110000,2017,8,1,3,1003.7,1007.8,-0.5,1.4,1004.1,237,1003.7,300,29.9,29.9,259,28.8,201,0.3,37.6,25.7,23.6,69,68,224,29.1,0,0,0,0,0,999999,999999,999999,70,2.3,94,2.6,101,2.6,259,82,3.1,108,4,252,108,4,108,4,41,42.3,235,37.2,205,24.1,31.6,29.1,27.8,26.9,25.3,23.6,21,16.2,35.9,38.3,222,33.4,204,4500,999999,999999,999999,5,999999,06:31.0,,,
2017/8/1 11:00,ÂØÜ‰∫ë,‰∏≠ÂõΩ,Âåó‰∫¨Â∏?Â∏ÇËæñÂå?ÂØÜ‰∫ëÂå?2017-08-01 11:00:00.0,,54416,54416,40.3833,116.8667,71.8,73,999999,4,11,110000,2017,8,1,3,999.5,1007.9,-0.6,1.5,999.8,201,999.5,255,29.5,29.9,250,28.6,204,0.6,31.9,22.7,23.4,70,69,252,28.9,0,0,0,0,0,999999,999999,0.1,206,1.4,184,0.8,355,1.1,222,217,2,49,2.4,208,94,2.6,94,2.6,38.2,42.3,220,38.2,300,22.2,31.4,28.5,26.9,26.2,26.5,24.6,22.3,16.2,37.6,43.3,223,37.6,300,5600,50,999999,50,5,1500,06:31.0,,,
2017/8/1 11:00,ÊÄÄÊü?‰∏≠ÂõΩ,Âåó‰∫¨Â∏?Â∏ÇËæñÂå?ÊÄÄÊüîÂå∫,00:00.0,,54419,54419,40.3667,116.6333,75.7,76.8,999999,4,13,110116,2017,8,1,3,999.1,1007.9,-0.5,1.5,999.4,201,999.1,257,28.9,28.9,236,28.1,201,0.4,32.2,24.1,23.6,73,70,239,29.1,0,0,0,0.3,0.3,999999,999999,999999,114,1.2,58,0.8,54,1.1,226,136,1.5,54,1.8,218,65,2.1,176,2.9,36.5,39.2,202,35.4,210,22.8,32.4,29.4,27.6,26.9,25.5,24,999999,999999,29.9,31.6,201,29.4,241,4800,999999,999999,999999,5,999999,06:31.0,,,
2017/8/1 11:00,Áü≥ÊôØÂ±?‰∏≠ÂõΩ,Âåó‰∫¨Â∏?Â∏ÇËæñÂå?Áü≥ÊôØÂ±±Âå∫,00:00.0,,54513,54513,39.9425,116.2053,63,64.1,999999,4,13,110107,2017,8,1,3,1000.4,1007.7,-0.5,1.6,1000.6,201,1000.4,254,29.4,29.5,253,28.9,223,-0.2,32.7,23.7,22.9,68,67,238,27.9,0,0,0,0,0,999999,999999,999999,27,1.1,40,1.5,0,1.8,227,37,2.2,28,3.6,206,26,3.9,26,3.9,40.1,43.6,210,39.9,227,23.3,30.8,28.1,26.9,26.5,25.5,24.3,21.5,16.5,37.2,41.6,210,36.9,226,8900,999999,999999,999999,0,999999,06:31.0,,,
2017/8/1 11:00,‰∏∞Âè∞,‰∏≠ÂõΩ,Âåó‰∫¨Â∏?Â∏ÇËæñÂå?‰∏∞Âè∞Âå?2017-08-01 11:00:00.0,,54514,54514,39.8667,116.25,55.2,56.7,999999,4,13,110106,2017,8,1,3,1001.4,1007.9,-0.4,1.6,1001.6,224,1001.4,252,30.1,30.1,231,29.6,201,0.4,33.4,24.3,23.8,69,68,246,29.4,0,0,0,0,0,999999,999999,999999,144,1.2,150,1.1,81,1.4,231,119,1.1,187,2.7,235,3,3.4,3,3.4,39,42.8,202,39,300,23.4,32.8,30.7,29.6,29.1,26.5,24.9,22.6,17.8,33.2,39,202,33.2,243,6500,999999,999999,999999,5,999999,06:31.0,,,
2017/8/1 11:00,Âåó‰∫¨,‰∏≠ÂõΩ,Âåó‰∫¨Â∏?Â∏ÇËæñÂå?Â§ßÂÖ¥Âå?2017-08-01 11:00:00.0,,54511,54511,39.8,116.4667,31.3,32.3,999999,4,12,110115,2017,8,1,3,1004,1007.7,-0.4,1.4,1004.3,230,1004,256,30,30.1,258,28.6,202,0.5,32.2,25.5,23.2,67,66,233,28.4,0,0,0,0,0,999999,999999,0,151,2.7,125,2,105,2.3,223,135,3.4,152,4.7,220,152,4.7,152,4.7,45.9,46.7,258,37.2,201,24.8,32.3,30.1,29,28.4,26.4,24.7,21.3,16.6,41.4,44.2,235,35.1,201,4700,100,999999,0,5,5000,06:31.0,,,
2017/8/1 11:00,Êµ∑Ê∑Ä,‰∏≠ÂõΩ,Âåó‰∫¨Â∏?Â∏ÇËæñÂå?Êµ∑Ê∑ÄÂå?2017-08-01 11:00:00.0,,54399,54399,39.9833,116.2833,45.8,46.9,999999,4,13,110108,2017,8,1,3,1002.2,1007.6,-0.6,1.4,1002.5,201,1002.2,259,29,29.4,234,28.9,201,-0.2,33.7,23.8,23.2,71,69,229,28.4,0,0,0,0,0,999999,999999,999999,1,1,8,0.9,19,1.3,209,40,1.8,26,2.5,226,31,3.2,31,3.2,32.4,35.4,201,32.4,250,23.3,29.5,27.6,26.6,25.9,25.7,24.1,20.9,16.3,30.7,34.3,229,30.4,251,4900,999999,999999,999999,5,999999,06:31.0,,,
2017/8/1 11:00,È°∫‰πâ,‰∏≠ÂõΩ,Âåó‰∫¨Â∏?Â∏ÇËæñÂå?È°∫‰πâÂå?2017-08-01 11:00:00.0,,54398,54398,40.1333,116.6167,28.6,29.6,999999,4,13,110000,2017,8,1,3,1004.4,1007.8,-0.5,1.4,1004.7,203,1004.4,252,30.3,30.3,300,28.7,201,1.6,32.5,25.4,23,65,65,300,28.1,0,0,0,0,0,999999,999999,999999,170,1.9,172,2.1,172,2.1,300,173,2.6,159,3.5,252,40,3.8,136,4,46.9,46.9,300,41.3,233,24.6,35.1,30.2,28.2,27.3,25.9,24,21,15.6,43,43.2,259,37.5,233,6100,999999,999999,999999,5,999999,06:31.0,,,
2017/8/1 11:00,ÊòåÂπ≥,‰∏≠ÂõΩ,Âåó‰∫¨Â∏?Â∏ÇËæñÂå?ÊòåÂπ≥Âå?2017-08-01 11:00:00.0,,54499,54499,40.2167,116.2167,76.2,77.4,999999,4,13,110000,2017,8,1,3,999.2,1008,-0.6,1.5,999.4,202,999.2,241,29.3,29.3,300,27.8,201,0.3,33.2,24.4,23.3,70,70,256,28.5,0,0,0,0,0,999999,999999,999999,136,1.7,123,1.5,340,1.7,229,162,2.7,54,3,201,54,3,102,3.3,36.9,36.9,300,32,202,23.1,30,27.9,26.9,26.5,25.3,23.9,21,16.4,37.2,37.2,300,31.9,203,4700,999999,999999,999999,5,999999,06:31.0,,,
2017/8/1 11:00,Â§ßÂÖ¥,‰∏≠ÂõΩ,Âåó‰∫¨Â∏?Â∏ÇËæñÂå?Â§ßÂÖ¥Âå?2017-08-01 11:00:00.0,,54594,54594,39.7186,116.3544,37.5,38.7,999999,4,13,110000,2017,8,1,3,1003.4,1007.8,-0.2,1.5,1003.6,220,1003.4,201,29.6,29.7,245,28.8,201,0.3,31.7,23.6,23.3,69,67,246,28.6,0,0,0,0,0,999999,999999,999999,116,2.8,123,2.6,154,2.9,241,118,4.8,118,4.8,300,118,4.8,118,4.8,43.5,44.5,253,40.1,211,24,32.4,29.5,28.2,27.8,26.3,24.9,22.2,17.1,40.2,41.7,221,37.7,246,5400,999999,999999,999999,5,999999,06:31.0,,,
2017/8/1 11:00,Èúû‰∫ëÂ≤?‰∏≠ÂõΩ,Âåó‰∫¨Â∏?Â∏ÇËæñÂå?ÊàøÂ±±Âå?2017-08-01 11:00:00.0,,54597,54597,39.7286,115.7406,407.7,408.7,999999,4,13,110111,2017,8,1,3,961.7,1007.5,-0.7,1.5,961.9,201,961.7,254,28.8,28.8,247,27.8,201,-0.3,31.5,19.9,21.6,65,61,204,25.7,0,0,0,0,0,999999,999999,999999,162,1.4,162,1.4,13,1.8,219,153,1.7,34,2.6,211,34,2.6,34,2.6,45.8,47,231,41.3,214,20.3,32.6,28.7,26.7,26.1,23.9,999999,999999,999999,38.1,39.7,231,35.4,215,19700,999999,999999,999999,0,999999,06:31.0,,,,
2017/8/1 11:00,ÊàøÂ±±,‰∏≠ÂõΩ,Âåó‰∫¨Â∏?Â∏ÇËæñÂå?ÊàøÂ±±Âå?2017-08-01 11:00:00.0,,54596,54596,39.7728,116.1942,48.9,49.9,999999,4,13,110111,2017,8,1,3,1002.2,1007.9,-0.4,1.4,1002.4,225,1002.1,257,29.6,29.9,220,29.4,237,0,32.2,22.7,22.1,64,63,227,26.5,0,0,0,0,0,999999,999999,999999,147,1.6,129,1.4,112,1.5,201,153,2,51,3.2,257,51,3.2,51,3.2,41.7,45.3,219,38.8,242,22.5,31.3,29.3,28,27.5,26.2,24.7,22,16.7,36.8,40.7,202,35,234,3500,999999,999999,999999,5,999999,06:31.0,,,
2017/8/1 12:00,ÊúùÈò≥,‰∏≠ÂõΩ,Âåó‰∫¨Â∏?Â∏ÇËæñÂå?ÊúùÈò≥Âå?2017-08-01 12:00:00.0,,54433,54433,39.95,116.5,35.3,36.3,999999,4,13,110000,2017,8,1,4,1003.3,1007.4,-0.8,1.4,1003.8,304,1003.3,355,30.8,30.8,358,29.9,301,0.1,37.6,25.7,23.2,64,64,333,28.4,0,0,0,0,0,999999,999999,999999,135,2.7,119,2,107,3.4,348,153,3,113,5.6,346,113,5.6,113,5.6,45.1,45.1,400,40.1,350,24.1,32.8,30,28.3,27.2,25.3,23.6,21,16.2,38.7,38.8,338,33.5,351,7900,999999,999999,999999,0,999999,06:31.0,,,
2017/8/1 12:00,ÈÄöÂ∑û,‰∏≠ÂõΩ,Âåó‰∫¨Â∏?Â∏ÇËæñÂå?ÈÄöÂ∑ûÂå?2017-08-01 12:00:00.0,,54431,54431,39.85,116.75,19.8,20.8,999999,4,13,110112,2017,8,1,4,1004.9,1007.3,-0.8,1.2,1005.5,301,1004.9,400,29.7,29.7,315,29,301,0.2,31.4,23.1,23.6,70,68,323,29.2,0,0,0,0,0,999999,999999,999999,111,1.8,118,2.3,113,2.6,333,113,3,118,4.8,327,118,4.8,118,4.8,36.4,39.9,314,33.9,345,23.5,30.7,28.6,27,26.3,25.3,23.6,21.2,16.4,35.1,39,315,32.2,345,6500,999999,999999,999999,5,999999,06:31.0,,,
2017/8/1 12:00,Âª∂Â∫Ü,‰∏≠ÂõΩ,Âåó‰∫¨Â∏?Â∏ÇËæñÂå?Âª∂Â∫ÜÂå?2017-08-01 12:00:00.0,,54406,54406,40.45,115.9667,487.9,489.1,999999,4,12,110229,2017,8,1,4,952.8,1007.5,-0.8,1.6,953.1,301,952.8,330,27.4,28.1,317,27.2,348,-0.9,30.5,20.9,19.5,62,60,318,22.6,0,0,0,0,0,999999,999999,0.3,166,4,156,3.2,162,3.3,349,162,5.6,162,5.6,400,162,5.6,162,5.6,42.1,44.7,315,37.2,353,19.8,31.2,27.7,25.7,24.7,23.7,21.7,18.6,13.8,33.5,35.7,311,29.7,346,7200,999999,999999,999999,5,999999,06:31.0,,,
2017/8/1 12:00,ÊòåÂπ≥,‰∏≠ÂõΩ,Âåó‰∫¨Â∏?Â∏ÇËæñÂå?ÊòåÂπ≥Âå?2017-08-01 12:00:00.0,,54499,54499,40.2167,116.2167,76.2,77.4,999999,4,13,110000,2017,8,1,4,998.7,1007.5,-0.8,1.5,999.2,301,998.6,347,30.3,30.6,353,29.2,303,0.4,33.2,24.4,22.5,63,63,357,27.2,0,0,0,0,0,999999,999999,999999,128,0.9,105,1.9,89,2.6,338,88,1.1,244,5.6,347,244,5.6,244,5.6,42,43.3,346,37,301,23.1,33.3,29.3,27.4,26.7,25.3,23.9,21,16.4,40.8,42.5,346,37.1,302,6600,999999,999999,999999,5,999999,06:31.0,,,
2017/8/1 12:00,ÂØÜ‰∫ë,‰∏≠ÂõΩ,Âåó‰∫¨Â∏?Â∏ÇËæñÂå?ÂØÜ‰∫ëÂå?2017-08-01 12:00:00.0,,54416,54416,40.3833,116.8667,71.8,73,999999,4,11,110000,2017,8,1,4,999.2,1007.5,-0.9,1.6,999.5,301,999.2,334,29.9,30.3,326,29.4,301,-0.1,31.9,22.7,24.1,71,67,328,30,0,0,0,0,0,999999,999999,0,999017,0.1,999017,0.2,202,1.4,312,131,0.4,231,3.1,321,231,3.1,231,3.1,35.8,45.9,319,35.8,359,22.2,32.3,29.6,27.7,26.6,26.5,24.6,22.3,16.2,34.1,46.7,319,34,359,5600,999999,999999,999999,5,999999,06:31.0,,,
2017/8/1 12:00,ÊÄÄÊü?‰∏≠ÂõΩ,Âåó‰∫¨Â∏?Â∏ÇËæñÂå?ÊÄÄÊüîÂå∫,00:00.0,,54419,54419,40.3667,116.6333,75.7,76.8,999999,4,13,110116,2017,8,1,4,998.8,1007.6,-0.7,1.7,999.1,301,998.8,355,30.2,30.2,359,28.6,310,0.4,32.2,24.1,23.4,67,67,346,28.8,0,0,0,0.3,0.3,999999,999999,999999,307,1.4,294,1.3,142,1.4,327,300,1.8,289,2.9,354,289,2.9,289,2.9,44.7,45.3,344,34.7,309,23.1,35.7,30.2,28.2,27.2,25.5,24,999999,999999,34.3,34.6,358,29.5,311,5900,999999,999999,999999,5,999999,06:31.0,,,
2017/8/1 12:00,Èó®Â§¥Ê≤?‰∏≠ÂõΩ,Âåó‰∫¨Â∏?Â∏ÇËæñÂå?Èó®Â§¥Ê≤üÂå∫,00:00.0,,54505,54505,39.8878,116.1564,85.5,86.6,999999,4,13,110109,2017,8,1,4,997.7,1007.6,-0.6,1.5,998,301,997.7,359,29.2,29.5,343,29.1,316,-0.9,31.9,22.8,22.7,68,66,344,27.6,0,0,0,0,0,999999,999999,999999,143,1.9,153,2,157,2,358,146,2.3,149,3,353,329,3.7,329,3.7,35.3,41.9,301,35.3,400,22.7,31.8,29.5,28,27.3,25.7,24.8,23.4,20.3,28.3,32.9,302,28.3,359,4500,999999,999999,999999,5,999999,06:31.0,,,
2017/8/1 12:00,ÊñãÂ†Ç,‰∏≠ÂõΩ,Âåó‰∫¨Â∏?Â∏ÇËæñÂå?Èó®Â§¥Ê≤üÂå∫,00:00.0,,54501,54501,39.975,115.6917,440.3,441.3,999999,4,13,110109,2017,8,1,4,957.5,1006.9,-1.2,1.2,957.9,301,957.5,352,28.7,29.1,340,28.3,314,0.3,30.7,19.3,21,63,62,317,24.8,0,0,0,0,0,999999,999999,999999,60,2.6,73,3.2,73,3.5,351,62,2.7,74,5.6,343,74,5.6,74,5.6,44.1,49.1,337,44.1,400,19.1,34.6,29.3,26.7,25.6,24.6,23.3,999999,999999,40.9,48.3,326,40.9,400,8700,999999,999999,999999,0,999999,06:31.0,,
2017/8/1 12:00,È°∫‰πâ,‰∏≠ÂõΩ,Âåó‰∫¨Â∏?Â∏ÇËæñÂå?È°∫‰πâÂå?2017-08-01 12:00:00.0,,54398,54398,40.1333,116.6167,28.6,29.6,999999,4,13,110000,2017,8,1,4,1004,1007.4,-0.9,1.5,1004.4,301,1004,359,29.9,30.5,305,29.5,319,0.2,32.5,25.4,23.4,68,65,306,28.7,0,0,0,0,0,999999,999999,999999,155,2.5,165,2.4,174,2.9,331,159,2.8,179,4.6,312,179,4.6,179,4.6,41.8,47.1,301,41.1,355,24.6,36.2,31.7,29.1,27.7,25.9,24,21,15.6,37.1,42.8,301,35.5,352,7800,999999,999999,999999,0,999999,06:31.0,,,
2017/8/1 12:00,Êµ∑Ê∑Ä,‰∏≠ÂõΩ,Âåó‰∫¨Â∏?Â∏ÇËæñÂå?Êµ∑Ê∑ÄÂå?2017-08-01 12:00:00.0,,54399,54399,39.9833,116.2833,45.8,46.9,999999,4,13,110108,2017,8,1,4,1001.8,1007.2,-0.8,1.5,1002.2,301,1001.8,357,29.4,29.5,357,28.5,327,-1.3,33.7,23.8,23.4,70,70,353,28.7,0,0,0,0,0,999999,999999,999999,284,1.5,308,1.2,33,1.2,313,298,2.4,281,2.5,350,31,3.2,31,3.2,34.1,34.4,349,30.6,329,23.3,29.2,27.8,27,26.2,25.7,24.1,20.9,16.3,32.7,33.8,350,28.9,333,5000,999999,999999,999999,5,999999,06:31.0,,,
2017/8/1 12:00,Áü≥ÊôØÂ±?‰∏≠ÂõΩ,Âåó‰∫¨Â∏?Â∏ÇËæñÂå?Áü≥ÊôØÂ±±Âå∫,00:00.0,,54513,54513,39.9425,116.2053,63,64.1,999999,4,13,110107,2017,8,1,4,1000,1007.3,-0.6,1.6,1000.4,301,1000,353,29.5,29.7,319,29.5,301,-1.2,32.7,23.7,23.2,69,66,327,28.4,0,0,0,0,0,999999,999999,999999,2,1.4,30,1.2,52,1.6,315,11,1.6,17,2.6,343,26,3.9,26,3.9,35,40.1,317,35,400,23.3,31.2,28.9,27.6,26.8,25.5,24.3,21.5,16.4,33.2,38,317,32.9,350,9300,999999,999999,999999,0,999999,06:31.0,,,
2017/8/1 12:00,‰∏∞Âè∞,‰∏≠ÂõΩ,Âåó‰∫¨Â∏?Â∏ÇËæñÂå?‰∏∞Âè∞Âå?2017-08-01 12:00:00.0,,54514,54514,39.8667,116.25,55.2,56.7,999999,4,13,110106,2017,8,1,4,1001,1007.4,-0.6,1.5,1001.4,301,1001,400,30.3,30.4,335,30,304,-1,33.4,24.3,23.7,68,66,355,29.4,0,0,0,0,0,999999,999999,999999,179,1.5,138,1.2,135,1.6,325,190,2,116,3.7,323,116,3.7,116,3.7,37.7,40.5,309,37.5,351,23.4,33,31.3,30.1,29.4,26.5,24.9,22.6,17.8,32.4,35.1,311,31.6,351,9000,999999,999999,999999,0,999999,06:31.0,,,
2017/8/1 12:00,Âåó‰∫¨,‰∏≠ÂõΩ,Âåó‰∫¨Â∏?Â∏ÇËæñÂå?Â§ßÂÖ¥Âå?2017-08-01 12:00:00.0,,54511,54511,39.8,116.4667,31.3,32.3,999999,4,12,110115,2017,8,1,4,1003.6,1007.3,-0.8,1.4,1004,301,1003.6,351,30.3,30.4,348,29.6,310,-0.1,32.2,25.5,22.7,64,64,338,27.6,0,0,0,0,0,999999,999999,0.2,146,2.1,166,2.5,127,2.8,313,160,2.7,203,4.4,343,152,4.7,152,4.7,43.5,45.6,301,40.4,322,24.8,33.2,31.1,29.6,28.7,26.4,24.6,21.3,16.6,38.8,41.2,303,35.5,321,6200,999999,999999,999999,5,870,06:31.0,,,
2017/8/1 12:00,ÊàøÂ±±,‰∏≠ÂõΩ,Âåó‰∫¨Â∏?Â∏ÇËæñÂå?ÊàøÂ±±Âå?2017-08-01 12:00:00.0,,54596,54596,39.7728,116.1942,48.9,49.9,999999,4,13,110111,2017,8,1,4,1001.8,1007.5,-0.5,1.4,1002.2,301,1001.8,356,29.8,30.6,332,29.5,311,-0.2,32.2,22.7,22,63,61,335,26.4,0,0,0,0,0,999999,999999,999999,188,2.7,194,2.2,178,2.5,325,210,4,181,4.1,341,181,4.1,181,4.1,42.6,50.1,331,41.3,312,22.5,32.3,30,28.6,27.8,26.2,24.7,22,16.7,35.7,42.2,331,35.1,316,5100,999999,999999,999999,5,999999,06:31.0,,,
2017/8/1 12:00,Èúû‰∫ëÂ≤?‰∏≠ÂõΩ,Âåó‰∫¨Â∏?Â∏ÇËæñÂå?ÊàøÂ±±Âå?2017-08-01 12:00:00.0,,54597,54597,39.7286,115.7406,407.7,408.7,999999,4,13,110111,2017,8,1,4,961.6,1007.6,-0.6,1.9,961.8,321,961.6,345,27.8,28.9,301,27.7,357,-2.2,31.5,19.9,21.1,67,61,303,25,0,0,0,0,0,999999,999999,999999,195,4,206,3.4,206,3.4,400,213,7,213,7,400,213,7,213,7,40.5,46.4,301,40.5,400,20.3,33.4,30,27.8,26.6,23.9,999999,999999,999999,33.2,38.5,301,33.2,324,15500,999999,999999,999999,0,999999,06:31.0,,,,
2017/8/1 12:00,Â§ßÂÖ¥,‰∏≠ÂõΩ,Âåó‰∫¨Â∏?Â∏ÇËæñÂå?Â§ßÂÖ¥Âå?2017-08-01 12:00:00.0,,54594,54594,39.7186,116.3544,37.5,38.7,999999,4,13,110000,2017,8,1,4,1002.9,1007.3,-0.6,1.3,1003.4,301,1002.9,400,30.1,30.1,356,29.4,308,0.1,31.7,23.6,23,66,66,359,28.2,0,0,0,0,0,999999,999999,999999,184,2,165,2.3,146,2.9,320,174,2.5,135,4.8,301,135,4.8,135,4.8,45,48.3,355,41.2,309,24,34,30.7,28.8,28,26.3,24.9,22.2,17.1,40.2,44,355,38.1,311,7100,999999,999999,999999,5,999999,06:31.0,,,
2017/8/1 12:00,‰∏äÁî∏Â≠?‰∏≠ÂõΩ,Âåó‰∫¨Â∏?Â∏ÇËæñÂå?ÂØÜ‰∫ëÂå?2017-08-01 12:00:00.0,,54421,54421,40.65,117.1167,293.3,294.3,999999,4,13,110228,2017,8,1,4,974.3,1007.6,-0.9,1.7,974.6,301,974.3,342,29,29.9,334,28.5,301,-0.7,31.6,21.1,22.3,67,64,335,26.8,0,0,0,0,0,999999,999999,999999,252,2.8,237,3.4,223,3.6,355,252,4.1,201,6,333,201,6,201,6,45.2,52.6,333,45.2,359,22.7,35.8,29.9,27.5,26.5,26.7,999999,999999,999999,38.2,46.7,333,38,357,7900,999999,999999,999999,0,999999,06:31.0,,,,
2017/8/1 12:00,Âπ≥Ë∞∑,‰∏≠ÂõΩ,Âåó‰∫¨Â∏?Â∏ÇËæñÂå?Âπ≥Ë∞∑Âå?2017-08-01 12:00:00.0,,54424,54424,40.1667,117.1167,32.1,33.3,999999,4,13,110000,2017,8,1,4,1003.6,1007.4,-0.9,1.3,1004.1,301,1003.6,356,30.6,30.8,317,29.7,338,0.7,32.2,23.2,23.5,66,64,355,29,0,0,0,0,0,999999,999999,999999,135,2.1,189,1.6,164,2.2,311,111,3.2,198,4.9,317,198,4.9,198,4.9,41.8,48.7,304,38.6,349,23.2,34.4,30.5,28.2,26.8,25.7,23.6,19.7,14.6,34.1,38.2,317,32.8,349,10700,999999,999999,999999,0,999999,06:31.0,,,
2017/8/1 13:00,ÊúùÈò≥,‰∏≠ÂõΩ,Âåó‰∫¨Â∏?Â∏ÇËæñÂå?ÊúùÈò≥Âå?2017-08-01 13:00:00.0,,54433,54433,39.95,116.5,35.3,36.3,999999,4,13,110000,2017,8,1,5,1003,1007.1,-1,1.6,1003.4,402,1003,434,31.1,31.3,450,30.7,424,-0.8,37.6,25.7,23,62,61,439,28,0,0,0,0,0,999999,999999,999999,154,2.3,135,1.9,162,2.4,419,142,3.5,125,4.3,412,113,5.6,113,5.6,41.6,46.1,404,41.3,439,24.3,33.7,30.9,29,27.6,25.3,23.6,21,16.2,35.1,39.2,402,34.9,439,10300,999999,999999,999999,0,999999,06:31.0,,,
2017/8/1 13:00,ÈÄöÂ∑û,‰∏≠ÂõΩ,Âåó‰∫¨Â∏?Â∏ÇËæñÂå?ÈÄöÂ∑ûÂå?2017-08-01 13:00:00.0,,54431,54431,39.85,116.75,19.8,20.8,999999,4,13,110112,2017,8,1,5,1004.6,1007,-1.1,1.4,1004.9,401,1004.6,425,30.4,30.5,423,29.8,401,0,31.4,23.1,23.6,67,64,440,29.1,0,0,0,0,0,999999,999999,999999,99,1.6,111,2,126,2.7,447,84,1.6,129,4.4,447,118,4.8,118,4.8,36.4,39,427,36.3,459,23.5,31.2,29.1,27.4,26.6,25.3,23.5,21.2,16.4,35.7,37.9,411,35.7,401,8800,999999,999999,999999,0,999999,06:31.0,,,
2017/8/1 13:00,Âª∂Â∫Ü,‰∏≠ÂõΩ,Âåó‰∫¨Â∏?Â∏ÇËæñÂå?Âª∂Â∫ÜÂå?2017-08-01 13:00:00.0,,54406,54406,40.45,115.9667,487.9,489.1,999999,4,12,110229,2017,8,1,5,952.3,1006.9,-1.1,1.7,952.8,401,952.3,453,28.9,28.9,452,27.4,401,-0.5,30.5,20.9,20.4,60,59,438,23.9,0,0,0,0,0,999999,999999,0,87,3.3,98,3.1,162,3.6,405,94,5.2,156,5.6,401,156,5.6,156,5.6,45,48.7,447,40,422,19.8,33.2,28.6,26.4,25.2,23.7,21.7,18.6,13.8,34.1,38.2,433,31.5,422,7300,999999,999999,999999,5,999999,06:31.0,,,
2017/8/1 13:00,ÊòåÂπ≥,‰∏≠ÂõΩ,Âåó‰∫¨Â∏?Â∏ÇËæñÂå?ÊòåÂπ≥Âå?2017-08-01 13:00:00.0,,54499,54499,40.2167,116.2167,76.2,77.4,999999,4,13,110000,2017,8,1,5,998.2,1007,-1.2,1.6,998.7,402,998.2,500,30.1,30.9,415,30,427,-0.9,33.2,24.4,23.3,67,62,418,28.6,0,0,0,0,0,999999,999999,999999,180,2.2,161,2.5,135,2.7,455,198,2.9,170,4.5,453,244,5.6,244,5.6,37,43.8,408,36.8,458,23.1,33.5,30.6,28.2,27,25.3,23.9,21,16.4,33.2,42.7,408,33.1,458,6800,999999,999999,999999,5,999999,06:31.0,,,
2017/8/1 13:00,ÂØÜ‰∫ë,‰∏≠ÂõΩ,Âåó‰∫¨Â∏?Â∏ÇËæñÂå?ÂØÜ‰∫ëÂå?2017-08-01 13:00:00.0,,54416,54416,40.3833,116.8667,71.8,73,999999,4,11,110000,2017,8,1,5,998.8,1007.1,-1,1.6,999.1,401,998.8,440,30.1,30.2,457,29.3,416,-1,31.9,22.7,23.8,69,69,500,29.4,0,0,0,0,0,999999,999999,0,211,2.6,244,2.2,244,2.2,500,205,4.6,216,4.6,459,216,4.6,216,4.6,40,41.4,458,33.4,415,22.2,31.5,29.8,28.3,27.1,26.4,24.7,22.3,16.2,39.3,41.2,458,31.7,414,6700,999999,999999,999999,5,999999,06:31.0,,,
2017/8/1 13:00,ÊÄÄÊü?‰∏≠ÂõΩ,Âåó‰∫¨Â∏?Â∏ÇËæñÂå?ÊÄÄÊüîÂå∫,00:00.0,,54419,54419,40.3667,116.6333,75.7,76.8,999999,4,13,110116,2017,8,1,5,998.4,1007.1,-1,1.6,998.8,401,998.3,453,30.4,31.2,441,30,408,-0.1,32.2,24.1,23.6,67,63,435,29.1,0,0,0,0.3,0.3,999999,999999,999999,210,1.4,202,1.9,201,2.1,457,235,2.2,201,3.2,454,201,3.2,201,3.2,39.8,46.2,416,39.8,500,24.1,37.6,32.2,29.1,27.6,25.6,24.1,999999,999999,34.2,35.5,441,32.7,407,6700,999999,999999,999999,5,999999,06:31.0,,,
2017/8/1 13:00,Èó®Â§¥Ê≤?‰∏≠ÂõΩ,Âåó‰∫¨Â∏?Â∏ÇËæñÂå?Èó®Â§¥Ê≤üÂå∫,00:00.0,,54505,54505,39.8878,116.1564,85.5,86.6,999999,4,13,110109,2017,8,1,5,997.4,1007.3,-0.9,1.5,997.7,401,997.4,455,29.8,29.8,500,29.1,413,-0.8,31.9,22.8,22.8,66,66,455,27.7,0,0,0,0,0,999999,999999,999999,197,0.9,178,1.2,168,2.3,418,256,1.3,166,3.3,411,329,3.7,329,3.7,41.4,41.8,455,35.1,435,22.7,31.7,29.8,28.4,27.5,25.7,24.8,23.4,20.3,32.5,32.9,457,27.8,435,5400,999999,999999,999999,5,999999,06:31.0,,,
2017/8/1 13:00,ÊñãÂ†Ç,‰∏≠ÂõΩ,Âåó‰∫¨Â∏?Â∏ÇËæñÂå?Èó®Â§¥Ê≤üÂå∫,00:00.0,,54501,54501,39.975,115.6917,440.3,441.3,999999,4,13,110109,2017,8,1,5,957,1006.4,-1.3,1.3,957.5,401,957,457,29.4,29.5,453,28.5,439,0.2,30.7,19.3,21.6,63,60,409,25.8,0,0,0,0,0,999999,999999,999999,58,3.8,58,4.2,56,4.4,456,94,5.2,74,6.7,436,74,6.7,74,6.7,49,49,500,39.4,429,19.1,34.8,30.7,27.8,26.3,24.6,23.3,999999,999999,47.4,47.4,500,36.1,429,8600,999999,999999,999999,0,999999,06:31.0,,
2017/8/1 13:00,È°∫‰πâ,‰∏≠ÂõΩ,Âåó‰∫¨Â∏?Â∏ÇËæñÂå?È°∫‰πâÂå?2017-08-01 13:00:00.0,,54398,54398,40.1333,116.6167,28.6,29.6,999999,4,13,110000,2017,8,1,5,1003.6,1007,-1,1.5,1004,401,1003.6,440,30.5,30.8,415,29.9,401,-0.2,32.5,25.4,23.2,65,64,420,28.4,0,0,0,0,0,999999,999999,999999,164,2.2,178,2,165,2.8,403,181,2.7,145,4.4,417,179,4.6,179,4.6,42.3,46,409,41.2,449,24.6,36.6,32.7,30,28.2,25.9,24.1,21,15.7,38.4,44.4,410,35.2,421,9000,999999,999999,999999,0,999999,06:31.0,,,
2017/8/1 13:00,Êµ∑Ê∑Ä,‰∏≠ÂõΩ,Âåó‰∫¨Â∏?Â∏ÇËæñÂå?Êµ∑Ê∑ÄÂå?2017-08-01 13:00:00.0,,54399,54399,39.9833,116.2833,45.8,46.9,999999,4,13,110108,2017,8,1,5,1001.5,1006.9,-0.9,1.7,1001.8,401,1001.5,456,29.5,29.8,412,29.2,433,-2.4,33.7,23.8,23.4,70,69,418,28.9,0,0,0,0,0,999999,999999,999999,224,0.8,260,0.6,308,1.1,401,281,0.9,0,2.1,402,31,3.2,31,3.2,33.1,34.1,401,31.7,435,23.3,29.5,28.1,27.2,26.4,25.7,24.1,20.9,16.3,31.8,32.8,401,29.7,439,5800,999999,999999,999999,5,999999,06:31.0,,,
2017/8/1 13:00,Áü≥ÊôØÂ±?‰∏≠ÂõΩ,Âåó‰∫¨Â∏?Â∏ÇËæñÂå?Áü≥ÊôØÂ±±Âå∫,00:00.0,,54513,54513,39.9425,116.2053,63,64.1,999999,4,13,110107,2017,8,1,5,999.6,1006.9,-1,1.5,1000,401,999.6,459,29.8,29.8,459,29.3,422,-1.5,32.7,23.7,23.3,68,67,404,28.5,0,0,0,0,0,999999,999999,999999,316,0.6,199,0.6,357,1.6,429,3,1.2,17,2.3,403,26,3.9,26,3.9,37,37,458,33.3,438,23.3,30.7,29.2,28,27.2,25.5,24.3,21.5,16.5,36.7,36.7,500,31.8,437,9700,999999,999999,999999,0,999999,06:31.0,,,
2017/8/1 13:00,‰∏∞Âè∞,‰∏≠ÂõΩ,Âåó‰∫¨Â∏?Â∏ÇËæñÂå?‰∏∞Âè∞Âå?2017-08-01 13:00:00.0,,54514,54514,39.8667,116.25,55.2,56.7,999999,4,13,110106,2017,8,1,5,1000.6,1007,-0.9,1.5,1001,401,1000.6,459,31.6,31.6,459,30.1,406,-0.6,33.4,24.3,24,64,63,459,29.7,0,0,0,0,0,999999,999999,999999,264,0.9,98,1.1,109,1.8,451,125,2,102,4.3,450,102,4.3,102,4.3,44.3,45.5,456,35.5,415,23.4,33.4,31.5,30.4,29.7,26.5,25,22.6,17.8,38.4,39.7,457,29.9,413,11500,999999,999999,999999,0,999999,06:31.0,,,
2017/8/1 13:00,Âåó‰∫¨,‰∏≠ÂõΩ,Âåó‰∫¨Â∏?Â∏ÇËæñÂå?Â§ßÂÖ¥Âå?2017-08-01 13:00:00.0,,54511,54511,39.8,116.4667,31.3,32.3,999999,4,12,110115,2017,8,1,5,1003.2,1006.9,-1,1.4,1003.6,402,1003.1,451,31,31.2,425,30.3,401,0.4,32.2,25.5,22.9,62,62,426,27.9,0,0,0,0,0,999999,999999,0,196,3,186,2.3,186,2.6,449,191,4.4,191,4.4,500,152,4.7,152,4.7,47.5,50.7,435,43.9,401,24.8,34.8,32.1,30.3,29.1,26.3,24.7,21.3,16.6,40.8,46.4,435,38.1,449,7800,999999,999999,999999,0,960,06:31.0,,,
2017/8/1 13:00,ÊàøÂ±±,‰∏≠ÂõΩ,Âåó‰∫¨Â∏?Â∏ÇËæñÂå?ÊàøÂ±±Âå?2017-08-01 13:00:00.0,,54596,54596,39.7728,116.1942,48.9,49.9,999999,4,13,110111,2017,8,1,5,1001.4,1007.1,-0.9,1.3,1001.8,401,1001.4,456,30.9,31,453,29.8,402,0.1,32.2,22.7,22.8,62,57,442,27.7,0,0,0,0,0,999999,999999,999999,193,1.4,178,1.5,195,3,413,184,2.1,252,4.7,432,252,4.7,252,4.7,47.4,51.8,453,43.1,401,22.5,33.4,30.7,29.1,28.2,26.2,24.7,22,16.7,38,40.2,454,35.9,401,7100,999999,999999,999999,5,999999,06:31.0,,,
2017/8/1 13:00,Èúû‰∫ëÂ≤?‰∏≠ÂõΩ,Âåó‰∫¨Â∏?Â∏ÇËæñÂå?ÊàøÂ±±Âå?2017-08-01 13:00:00.0,,54597,54597,39.7286,115.7406,407.7,408.7,999999,4,13,110111,2017,8,1,5,961.1,1007,-0.8,1.7,961.6,401,961.1,500,29.5,29.5,457,27.6,403,-1.5,31.5,19.9,20.6,59,59,500,24.3,0,0,0,0,0,999999,999999,999999,300,1.1,219,0.9,197,3.6,407,11,1.5,213,6.4,402,213,7,213,7,53.9,53.9,500,39.5,405,20.3,34.3,30.8,28.6,27.2,23.9,999999,999999,999999,41.8,42.5,458,32.6,404,17800,999999,999999,999999,0,999999,06:31.0,,,,
2017/8/1 13:00,Â§ßÂÖ¥,‰∏≠ÂõΩ,Âåó‰∫¨Â∏?Â∏ÇËæñÂå?Â§ßÂÖ¥Âå?2017-08-01 13:00:00.0,,54594,54594,39.7186,116.3544,37.5,38.7,999999,4,13,110000,2017,8,1,5,1002.6,1007,-0.9,1.4,1002.9,401,1002.5,445,30.6,30.6,500,29.9,412,0.2,31.7,23.6,24,68,65,439,29.9,0,0,0,0,0,999999,999999,999999,148,1.3,134,1.5,140,2.4,411,225,1.8,129,4.5,406,135,4.8,135,4.8,47.9,47.9,500,42.5,442,24,35,31.7,29.6,28.4,26.3,24.9,22.2,17.1,43.9,43.9,500,38.7,442,7800,999999,999999,999999,0,999999,06:31.0,,,
2017/8/1 13:00,‰∏äÁî∏Â≠?‰∏≠ÂõΩ,Âåó‰∫¨Â∏?Â∏ÇËæñÂå?ÂØÜ‰∫ëÂå?2017-08-01 13:00:00.0,,54421,54421,40.65,117.1167,293.3,294.3,999999,4,13,110228,2017,8,1,5,973.8,1007.1,-1.2,1.5,974.3,401,973.8,446,29.9,30.7,439,29,401,-0.2,31.6,21.1,22.1,63,58,440,26.6,0,0,0,0,0,999999,999999,999999,250,4.6,244,4.3,232,5,447,252,5.7,227,7.6,446,227,7.6,227,7.6,49.5,53.6,451,45,402,22.7,37.7,31.3,28.4,27,26.8,999999,999999,999999,39.6,46.2,439,37.9,401,10100,999999,999999,999999,0,999999,06:31.0,,,,
2017/8/1 13:00,Âπ≥Ë∞∑,‰∏≠ÂõΩ,Âåó‰∫¨Â∏?Â∏ÇËæñÂå?Âπ≥Ë∞∑Âå?2017-08-01 13:00:00.0,,54424,54424,40.1667,117.1167,32.1,33.3,999999,4,13,110000,2017,8,1,5,1003.2,1007,-1,1.3,1003.6,401,1003.2,446,30.9,31.1,454,30.4,411,0.2,32.2,23.2,22.5,61,61,445,27.2,0,0,0,0,0,999999,999999,999999,233,2.3,171,2.2,176,2.9,436,235,2.6,133,4.7,424,198,4.9,198,4.9,42.4,44.2,424,40.7,405,23.2,34.8,31.2,28.9,27.3,25.7,23.6,19.7,14.6,35,35.4,428,33.7,411,8900,999999,999999,999999,0,999999,06:31.0,,,
2017/8/1 14:00,ÊúùÈò≥,‰∏≠ÂõΩ,Âåó‰∫¨Â∏?Â∏ÇËæñÂå?ÊúùÈò≥Âå?2017-08-01 14:00:00.0,,54433,54433,39.95,116.5,35.3,36.3,999999,4,13,110000,2017,8,1,6,1002.5,1006.6,-1.2,1.5,1003,501,1002.5,554,31.6,31.9,538,31,501,-0.6,37.6,25.7,23.2,61,60,533,28.4,0,0,0,0,0,999999,999999,999999,111,2.3,106,2.5,110,2.6,517,113,4.1,142,4.3,501,113,5.6,113,5.6,43.7,47.3,536,41.3,502,24.3,34.5,31.6,29.5,27.9,25.3,23.6,21,16.2,36.3,40.7,536,34.2,550,11300,999999,999999,999999,0,999999,06:31.0,,,
2017/8/1 14:00,ÈÄöÂ∑û,‰∏≠ÂõΩ,Âåó‰∫¨Â∏?Â∏ÇËæñÂå?ÈÄöÂ∑ûÂå?2017-08-01 14:00:00.0,,54431,54431,39.85,116.75,19.8,20.8,999999,4,13,110112,2017,8,1,6,1004.2,1006.6,-1.4,1.4,1004.6,501,1004.2,552,31,31.1,558,30.2,512,-0.3,31.3,23.1,23.1,63,63,559,28.3,0,0,0,0,0,999999,999999,999999,121,2.5,109,2.5,113,2.9,554,129,3.2,107,4.3,543,118,4.8,118,4.8,41.7,41.7,600,35.1,514,23.8,31.5,29.5,27.8,26.9,25.4,23.5,21.2,16.4,40.1,40.1,600,33.6,515,7500,999999,999999,999999,0,999999,06:31.0,,,
2017/8/1 14:00,Âª∂Â∫Ü,‰∏≠ÂõΩ,Âåó‰∫¨Â∏?Â∏ÇËæñÂå?Âª∂Â∫ÜÂå?2017-08-01 14:00:00.0,,54406,54406,40.45,115.9667,487.9,489.1,999999,4,12,110229,2017,8,1,6,952,1006.6,-1.1,1.6,952.3,501,952,553,28.4,28.8,501,28,520,-1.6,30.5,20.9,20.9,64,60,501,24.8,0,0,0,0,0,999999,999999,0.3,142,3.1,150,2.5,98,3,501,142,4.4,111,4.8,526,156,5.6,156,5.6,43.3,44.5,556,38.2,518,19.8,32.6,29.3,27.1,25.6,23.7,21.7,18.6,13.8,34.1,35.2,556,30.1,515,6400,100,999999,30,5,1100,06:31.0,,,
2017/8/1 14:00,ÊòåÂπ≥,‰∏≠ÂõΩ,Âåó‰∫¨Â∏?Â∏ÇËæñÂå?ÊòåÂπ≥Âå?2017-08-01 14:00:00.0,,54499,54499,40.2167,116.2167,76.2,77.4,999999,4,13,110000,2017,8,1,6,997.9,1006.7,-1.3,1.5,998.2,501,997.9,556,30.6,30.6,528,30.1,514,-1,33.2,24.4,23.5,66,65,512,29,0,0,0,0,0,999999,999999,999999,169,2.2,134,2.1,108,3,532,162,3.3,113,5,529,244,5.6,244,5.6,38.8,41.3,528,36.7,548,23.1,33.7,31.1,28.8,27.4,25.3,23.9,21,16.4,36.1,39.5,522,32.5,547,6800,999999,999999,999999,5,999999,06:31.0,,,
2017/8/1 14:00,ÂØÜ‰∫ë,‰∏≠ÂõΩ,Âåó‰∫¨Â∏?Â∏ÇËæñÂå?ÂØÜ‰∫ëÂå?2017-08-01 14:00:00.0,,54416,54416,40.3833,116.8667,71.8,73,999999,4,11,110000,2017,8,1,6,998.5,1006.8,-1,1.5,998.8,501,998.4,556,30.4,31.2,544,30.1,501,-0.7,31.9,22.7,23.1,65,64,557,28.2,0,0,0,0,0,999999,999999,0.1,196,1.5,191,2,236,2.3,501,186,1.9,194,4,501,216,4.6,216,4.6,38.5,44.5,542,38.1,517,22.2,32.9,30.3,28.6,27.5,26.4,24.7,22.3,16.2,35.9,44.8,527,35.9,600,7800,100,999999,30,0,800,06:31.0,,,
2017/8/1 14:00,ÊÄÄÊü?‰∏≠ÂõΩ,Âåó‰∫¨Â∏?Â∏ÇËæñÂå?ÊÄÄÊüîÂå∫,00:00.0,,54419,54419,40.3667,116.6333,75.7,76.8,999999,4,13,110116,2017,8,1,6,998.1,1006.8,-1,1.6,998.4,501,998.1,524,30,30.5,508,29.8,534,-1.1,32.2,24.1,23.7,69,65,522,29.3,0,0,0,0.3,0.3,999999,999999,999999,240,1.2,232,1.1,207,2,501,244,1.2,184,3.1,531,201,3.2,201,3.2,37.6,42.1,509,35.1,547,24.1,35.5,32.8,30,28.2,25.6,24.1,999999,999999,32.2,34.2,510,31.3,549,6800,999999,999999,999999,5,999999,06:31.0,,,
2017/8/1 14:00,Èó®Â§¥Ê≤?‰∏≠ÂõΩ,Âåó‰∫¨Â∏?Â∏ÇËæñÂå?Èó®Â§¥Ê≤üÂå∫,00:00.0,,54505,54505,39.8878,116.1564,85.5,86.6,999999,4,13,110109,2017,8,1,6,997,1006.9,-1,1.5,997.4,501,997,529,30.6,30.9,536,29.8,501,-0.3,31.9,22.8,22.5,62,59,542,27.2,0,0,0,0,0,999999,999999,999999,193,3.2,189,2.3,215,2.6,552,191,3.8,219,4.2,546,219,4.2,219,4.2,43.2,49.3,520,41.5,501,22.7,33.7,30.5,28.7,27.7,25.7,24.8,23.4,20.3,30.9,36.2,521,30.9,600,8700,999999,999999,999999,0,999999,06:31.0,,,
2017/8/1 14:00,ÊñãÂ†Ç,‰∏≠ÂõΩ,Âåó‰∫¨Â∏?Â∏ÇËæñÂå?Èó®Â§¥Ê≤üÂå∫,00:00.0,,54501,54501,39.975,115.6917,440.3,441.3,999999,4,13,110109,2017,8,1,6,956.6,1006,-1.3,1.3,957,501,956.6,551,30.1,30.6,546,29.1,522,-0.1,30.7,19.3,20.6,57,55,547,24.3,0,0,0,0,0,999999,999999,999999,76,3.3,136,1.7,57,4.1,501,79,4.2,51,5,502,74,6.7,74,6.7,43.9,49.4,546,39.9,523,19.1,35.7,31.6,28.7,26.9,24.6,23.3,999999,999999,40.4,47.9,501,35.4,523,12300,999999,999999,999999,0,999999,06:31.0,,
2017/8/1 14:00,È°∫‰πâ,‰∏≠ÂõΩ,Âåó‰∫¨Â∏?Â∏ÇËæñÂå?È°∫‰πâÂå?2017-08-01 14:00:00.0,,54398,54398,40.1333,116.6167,28.6,29.6,999999,4,13,110000,2017,8,1,6,1003.2,1006.6,-1.2,1.3,1003.6,501,1003.2,558,31,31.3,521,30.6,501,-0.6,32.5,25.4,23.1,63,61,507,28.3,0,0,0,0,0,999999,999999,999999,162,2.4,168,2.6,175,2.9,538,159,3.5,164,4.7,553,164,4.7,164,4.7,43.5,44.8,509,40.8,541,25.1,36.8,33.3,30.6,28.7,25.9,24.1,21,15.7,40.1,40.7,506,34.9,539,11000,999999,999999,999999,0,999999,06:31.0,,,
2017/8/1 14:00,Êµ∑Ê∑Ä,‰∏≠ÂõΩ,Âåó‰∫¨Â∏?Â∏ÇËæñÂå?Êµ∑Ê∑ÄÂå?2017-08-01 14:00:00.0,,54399,54399,39.9833,116.2833,45.8,46.9,999999,4,13,110108,2017,8,1,6,1001,1006.3,-1.2,1.6,1001.4,501,1001,553,31.3,31.3,556,29.6,501,-2,33.7,23.8,22.6,60,60,600,27.4,0,0,0,0,0,999999,999999,999999,220,0.5,206,0.4,271,1.1,532,170,0.7,272,2.3,530,40,2.9,31,3.2,38.3,38.5,558,33.5,501,23.5,31.1,28.6,27.4,26.5,25.7,24.1,20.9,16.3,35.9,36.5,523,32.1,501,7400,999999,999999,999999,5,999999,06:31.0,,,
2017/8/1 14:00,Áü≥ÊôØÂ±?‰∏≠ÂõΩ,Âåó‰∫¨Â∏?Â∏ÇËæñÂå?Áü≥ÊôØÂ±±Âå∫,00:00.0,,54513,54513,39.9425,116.2053,63,64.1,999999,4,13,110107,2017,8,1,6,999.1,1006.4,-1.3,1.4,999.6,501,999.1,558,31.6,31.6,600,29.8,501,-0.4,32.7,23.7,22.6,59,57,537,27.4,0,0,0,0,0,999999,999999,999999,141,2,151,1.7,167,2.7,542,170,2.9,198,4.1,538,198,4.1,198,4.1,46.2,46.7,533,37.2,501,23.3,31.9,29.4,28.2,27.4,25.5,24.3,21.5,16.5,44.2,45.6,533,36.6,504,20800,999999,999999,999999,0,999999,06:31.0,,,
2017/8/1 14:00,‰∏∞Âè∞,‰∏≠ÂõΩ,Âåó‰∫¨Â∏?Â∏ÇËæñÂå?‰∏∞Âè∞Âå?2017-08-01 14:00:00.0,,54514,54514,39.8667,116.25,55.2,56.7,999999,4,13,110106,2017,8,1,6,1000.2,1006.6,-1.2,1.4,1000.6,501,1000.2,534,31.7,32.4,534,31.5,505,-0.9,33.4,24.3,23.5,62,60,535,29,0,0,999990,999990,999990,999999,999999,999999,224,1.9,189,1.6,93,2,528,224,2.5,62,4.5,528,62,4.5,62,4.5,44.5,51.5,533,42.5,506,23.4,35.4,32.3,30.8,29.9,26.5,25,22.6,17.8,35.3,45.2,528,35.3,600,14300,999999,999999,999999,0,999999,06:31.0,,,
2017/8/1 14:00,Âåó‰∫¨,‰∏≠ÂõΩ,Âåó‰∫¨Â∏?Â∏ÇËæñÂå?Â§ßÂÖ¥Âå?2017-08-01 14:00:00.0,,54511,54511,39.8,116.4667,31.3,32.3,999999,4,12,110115,2017,8,1,6,1002.7,1006.4,-1.3,1.3,1003.2,501,1002.7,558,31.5,31.8,552,30.8,502,0,32.2,25.5,23.1,61,60,548,28.2,0,0,0,0,0,999999,999999,0.2,193,2.8,155,2.7,201,2.9,533,200,3.4,200,4.5,530,152,4.7,152,4.7,49.8,50.3,558,45,506,24.8,35.5,32.9,31,29.5,26.4,24.7,21.3,16.6,42.7,43.8,558,37.5,506,9500,100,999999,40,0,990,06:31.0,,,
2017/8/1 14:00,ÊàøÂ±±,‰∏≠ÂõΩ,Âåó‰∫¨Â∏?Â∏ÇËæñÂå?ÊàøÂ±±Âå?2017-08-01 14:00:00.0,,54596,54596,39.7728,116.1942,48.9,49.9,999999,4,13,110111,2017,8,1,6,1001,1006.7,-1.2,1.3,1001.4,501,1001,552,31.6,31.6,558,30.5,510,0.3,32.2,22.7,22.3,58,57,550,27,0,0,0,0,0,999999,999999,999999,229,3.2,211,2.6,196,2.6,553,232,4,190,4.8,517,190,4.8,190,4.8,53.1,55.3,557,46.2,509,22.5,34.5,31.5,29.6,28.5,26.2,24.7,22,16.7,40.2,42.5,557,36.3,509,8400,999999,999999,999999,0,999999,06:31.0,,,
2017/8/1 14:00,Èúû‰∫ëÂ≤?‰∏≠ÂõΩ,Âåó‰∫¨Â∏?Â∏ÇËæñÂå?ÊàøÂ±±Âå?2017-08-01 14:00:00.0,,54597,54597,39.7286,115.7406,407.7,408.7,999999,4,13,110111,2017,8,1,6,960.6,1006.4,-1.1,1.4,961.1,501,960.6,600,29.8,30,543,29.4,517,-1,31.5,19.9,21.2,60,57,527,25.2,0,0,0,0,0,999999,999999,999999,5,1.7,173,2.6,172,3.2,529,105,3.4,184,8.2,547,184,8.2,184,8.2,51.6,55.5,543,50.5,555,20.3,37.2,32.4,29.4,27.7,23.9,999999,999999,999999,39.1,41.8,501,37.4,555,23200,999999,999999,999999,0,999999,06:31.0,,,,
2017/8/1 14:00,Â§ßÂÖ¥,‰∏≠ÂõΩ,Âåó‰∫¨Â∏?Â∏ÇËæñÂå?Â§ßÂÖ¥Âå?2017-08-01 14:00:00.0,,54594,54594,39.7186,116.3544,37.5,38.7,999999,4,13,110000,2017,8,1,6,1001.9,1006.3,-1.5,1,1002.5,501,1001.9,600,31.4,31.5,549,30.7,501,0.3,31.7,23.6,23.8,64,62,530,29.4,0,0,0,0,0,999999,999999,999999,130,1.7,128,2.2,128,2.6,558,172,3.2,107,4.6,550,135,4.8,135,4.8,49.3,51.9,548,47,513,24,36.8,32.7,30.2,28.8,26.3,24.9,22.2,17.1,43.4,46.9,548,41.9,509,8900,999999,999999,999999,0,999999,06:31.0,,,
2017/8/1 14:00,‰∏äÁî∏Â≠?‰∏≠ÂõΩ,Âåó‰∫¨Â∏?Â∏ÇËæñÂå?ÂØÜ‰∫ëÂå?2017-08-01 14:00:00.0,,54421,54421,40.65,117.1167,293.3,294.3,999999,4,13,110228,2017,8,1,6,973.6,1006.8,-1,1.6,973.9,504,973.6,547,30.6,31.2,557,29.8,503,-0.2,31.2,21.1,22.8,63,61,529,27.7,0,0,0,0,0,999999,999999,999999,224,4.1,225,4.2,226,5,535,221,4.8,227,8.1,533,227,8.1,227,8.1,53,55.7,556,49.6,516,22.7,39.5,32.9,29.4,27.6,26.8,999999,999999,999999,42.4,45.9,526,40.1,501,9100,999999,999999,999999,0,999999,06:31.0,,,,
2017/8/1 14:00,Âπ≥Ë∞∑,‰∏≠ÂõΩ,Âåó‰∫¨Â∏?Â∏ÇËæñÂå?Âπ≥Ë∞∑Âå?2017-08-01 14:00:00.0,,54424,54424,40.1667,117.1167,32.1,33.3,999999,4,13,110000,2017,8,1,6,1003,1006.8,-1.1,1.4,1003.3,509,1003,552,31.2,31.6,540,30.9,501,-0.1,32.2,23.2,22.8,61,60,517,27.7,0,0,0,0,0,999999,999999,999999,112,1.9,124,2,204,2.5,519,221,1.9,187,4,537,198,4.9,198,4.9,45.3,46,558,40.5,523,24,35.3,31.8,29.5,27.7,25.7,23.6,19.7,14.6,37.1,37.1,600,33.9,524,6500,999999,999999,999999,0,999999,06:31.0,,,
2017/8/1 15:00,Èó®Â§¥Ê≤?‰∏≠ÂõΩ,Âåó‰∫¨Â∏?Â∏ÇËæñÂå?Èó®Â§¥Ê≤üÂå∫,00:00.0,,54505,54505,39.8878,116.1564,85.5,86.6,999999,4,13,110109,2017,8,1,7,996,1005.8,-1.7,0.4,996.9,601,996,659,31.2,31.2,659,30.5,601,-0.6,31.9,22.8,23.3,63,60,638,28.6,0,0,0,0,0,999999,999999,999999,171,2.7,175,2.5,158,2.7,654,127,2.9,124,4.4,647,124,4.4,124,4.4,46.9,47.7,658,43.1,601,22.7,34.5,31.3,29.2,28,25.7,24.8,23.4,20.3,32.7,33.1,659,30.6,601,9700,999999,999999,999999,0,999999,06:31.0,,,
2017/8/1 15:00,ÊñãÂ†Ç,‰∏≠ÂõΩ,Âåó‰∫¨Â∏?Â∏ÇËæñÂå?Èó®Â§¥Ê≤üÂå∫,00:00.0,,54501,54501,39.975,115.6917,440.3,441.3,999999,4,13,110109,2017,8,1,7,956,1005.3,-1.5,0.9,956.6,601,956,644,31.1,31.1,659,29.4,607,0.9,31.1,19.3,21.6,57,55,635,25.8,0,0,0,0,0,999999,999999,999999,153,3,155,2.8,129,3.6,632,150,3.4,170,5.8,628,74,6.7,74,6.7,48.6,49.3,659,40.1,608,19.1,35.8,32.2,29.5,27.5,24.6,23.3,999999,999999,46.6,47.1,659,35.7,608,11900,999999,999999,999999,0,999999,06:31.0,,
2017/8/1 15:00,Âª∂Â∫Ü,‰∏≠ÂõΩ,Âåó‰∫¨Â∏?Â∏ÇËæñÂå?Âª∂Â∫ÜÂå?2017-08-01 15:00:00.0,,54406,54406,40.45,115.9667,487.9,489.1,999999,4,12,110229,2017,8,1,7,951.5,1006.2,-1.3,1.4,952,601,951.5,648,28.4,28.5,657,27.9,640,-1.9,30.2,20.9,20.9,64,64,601,24.8,0,0,0,0,0,999999,999999,0.1,144,3,127,3.3,120,3.6,640,139,4.4,94,7.3,655,94,7.3,94,7.3,41.8,42.8,658,37.2,637,19.8,32.1,29.6,27.6,26.1,23.7,21.7,18.6,13.8,33.7,35.2,658,29.9,637,5400,999999,999999,999999,5,999999,06:31.0,,,
2017/8/1 15:00,Âπ≥Ë∞∑,‰∏≠ÂõΩ,Âåó‰∫¨Â∏?Â∏ÇËæñÂå?Âπ≥Ë∞∑Âå?2017-08-01 15:00:00.0,,54424,54424,40.1667,117.1167,32.1,33.3,999999,4,13,110000,2017,8,1,7,1002.3,1006.1,-1.3,0.7,1003,601,1002.3,655,31.4,31.7,612,31.2,619,-0.2,32.2,23.2,22.7,60,59,604,27.6,0,0,0,0,0,999999,999999,999999,139,1.9,166,2.1,140,2.1,604,139,3.9,204,4.4,653,198,4.9,198,4.9,41.4,46.4,612,40.1,652,24,35.6,32.4,30,28.2,25.7,23.6,19.7,14.6,34.6,37.5,611,34.3,656,6600,999999,999999,999999,5,999999,06:31.0,,,
2017/8/1 15:00,‰∏äÁî∏Â≠?‰∏≠ÂõΩ,Âåó‰∫¨Â∏?Â∏ÇËæñÂå?ÂØÜ‰∫ëÂå?2017-08-01 15:00:00.0,,54421,54421,40.65,117.1167,293.3,294.3,999999,4,13,110228,2017,8,1,7,973,1006.2,-1.3,1,973.6,602,973,653,29.3,30.7,602,29.3,700,-1.3,31.2,21.1,22.8,68,63,601,27.7,0,0,0,0,0,999999,999999,999999,248,5.7,239,5.4,239,5.4,700,247,6.6,232,8.4,655,232,8.4,232,8.4,46.1,53,601,45.1,635,22.7,39.1,33.9,30.4,28.3,26.9,999999,999999,999999,37.2,42.9,609,35.6,634,7200,999999,999999,999999,5,999999,06:31.0,,,,
2017/8/1 15:00,ÈÄöÂ∑û,‰∏≠ÂõΩ,Âåó‰∫¨Â∏?Â∏ÇËæñÂå?ÈÄöÂ∑ûÂå?2017-08-01 15:00:00.0,,54431,54431,39.85,116.75,19.8,20.8,999999,4,13,110112,2017,8,1,7,1003.4,1005.8,-1.5,0.5,1004.1,601,1003.4,656,31.9,31.9,658,31.1,601,0.7,31.9,23.1,23.2,60,59,648,28.4,0,0,0,0,0,999999,999999,999999,126,2.8,102,2.4,112,2.6,601,110,2.9,141,4.2,612,118,4.8,118,4.8,42.2,43.1,606,37.3,632,23.8,32.5,30,28.1,27.1,25.5,23.6,21.2,16.4,41.2,42,607,36,633,9000,999999,999999,999999,0,999999,06:31.0,,,
2017/8/1 15:00,ÊúùÈò≥,‰∏≠ÂõΩ,Âåó‰∫¨Â∏?Â∏ÇËæñÂå?ÊúùÈò≥Âå?2017-08-01 15:00:00.0,,54433,54433,39.95,116.5,35.3,36.3,999999,4,13,110000,2017,8,1,7,1001.7,1005.8,-1.6,0.6,1002.5,601,1001.7,700,32.2,32.5,646,31.3,613,-0.7,37.6,25.7,22.6,57,56,658,27.4,0,0,0,0,0,999999,999999,999999,140,1.9,113,2.2,104,2.7,605,153,2.5,133,4.5,638,113,5.6,113,5.6,45.2,49.1,644,40.6,611,24.3,35.2,32.1,30,28.3,25.3,23.6,21,16.2,36.8,41.1,645,33.6,611,13500,999999,999999,999999,0,999999,06:31.0,,,
2017/8/1 15:00,ÂØÜ‰∫ë,‰∏≠ÂõΩ,Âåó‰∫¨Â∏?Â∏ÇËæñÂå?ÂØÜ‰∫ëÂå?2017-08-01 15:00:00.0,,54416,54416,40.3833,116.8667,71.8,73,999999,4,11,110000,2017,8,1,7,997.7,1006,-1.5,0.8,998.5,601,997.7,700,31.1,31.2,631,30.3,605,-0.8,31.8,22.7,24.2,67,65,617,30.3,0,0,0,0,0,999999,999999,0.1,164,0.5,184,1.3,188,2,601,129,0.5,198,3.8,652,216,4.6,216,4.6,40.5,44,628,36.7,607,22.2,32.9,30.8,29.1,27.8,26.4,24.7,22.3,16.2,39.7,43.7,628,34.8,607,7400,999999,999999,999999,0,999999,06:31.0,,,
2017/8/1 15:00,ÊÄÄÊü?‰∏≠ÂõΩ,Âåó‰∫¨Â∏?Â∏ÇËæñÂå?ÊÄÄÊüîÂå∫,00:00.0,,54419,54419,40.3667,116.6333,75.7,76.8,999999,4,13,110116,2017,8,1,7,997.3,1006,-1.5,0.8,998.1,601,997.3,652,30.4,30.8,646,29.8,604,-1.5,32.2,24.1,22.8,64,64,700,27.8,0,0,0,0.3,0.3,999999,999999,999999,166,2.1,191,1.6,264,1.9,621,156,2.7,278,3.3,620,278,3.3,278,3.3,37.9,44.3,641,36.2,603,24.1,36.1,32.7,30.4,28.6,25.6,24.1,999999,999999,32.9,35.2,642,31.9,604,7500,999999,999999,999999,5,999999,06:31.0,,,
2017/8/1 15:00,Áü≥ÊôØÂ±?‰∏≠ÂõΩ,Âåó‰∫¨Â∏?Â∏ÇËæñÂå?Áü≥ÊôØÂ±±Âå∫,00:00.0,,54513,54513,39.9425,116.2053,63,64.1,999999,4,13,110107,2017,8,1,7,998.3,1005.6,-1.7,0.6,999.1,601,998.3,654,32,32,659,31.1,612,-0.4,32.7,23.7,22.4,57,57,632,27.1,0,0,0,0,0,999999,999999,999999,226,2.1,194,2,191,2.7,609,247,3.2,190,5.7,634,190,5.7,190,5.7,47.6,47.6,700,42.2,613,23.3,33.2,30.2,28.6,27.6,25.5,24.4,21.5,16.5,44.6,44.6,700,39.2,613,21600,999999,999999,999999,0,999999,06:31.0,,,
2017/8/1 15:00,‰∏∞Âè∞,‰∏≠ÂõΩ,Âåó‰∫¨Â∏?Â∏ÇËæñÂå?‰∏∞Âè∞Âå?2017-08-01 15:00:00.0,,54514,54514,39.8667,116.25,55.2,56.7,999999,4,13,110106,2017,8,1,7,999.4,1005.8,-1.6,0.6,1000.2,601,999.4,652,32.3,32.3,700,31.6,602,-0.8,33.4,24.3,23.8,61,59,653,29.5,0,0,0,0,0,999999,999999,999999,126,1.6,180,1.1,192,1.6,601,150,3.3,184,3.3,616,62,4.5,62,4.5,44.2,44.8,615,41.3,638,23.4,35.4,33.1,31.3,30.2,26.5,25,22.6,17.8,37.4,37.4,700,33.2,638,19100,999999,999999,999999,0,999999,06:31.0,,,
2017/8/1 15:00,Âåó‰∫¨,‰∏≠ÂõΩ,Âåó‰∫¨Â∏?Â∏ÇËæñÂå?Â§ßÂÖ¥Âå?2017-08-01 15:00:00.0,,54511,54511,39.8,116.4667,31.3,32.3,999999,4,12,110115,2017,8,1,7,1002,1005.7,-1.6,0.5,1002.7,601,1002,649,32.3,32.3,700,31.4,604,0.4,32.3,25.5,23.3,59,58,642,28.5,0,0,0,0,0,999999,999999,0.1,182,1.8,204,1.7,158,2.6,601,205,2.6,169,5.5,630,169,5.5,169,5.5,49.3,52.4,623,48.7,603,24.8,36.7,33.8,31.6,30,26.4,24.7,21.3,16.6,41.5,45.8,615,39.8,637,10700,999999,999999,999999,0,1130,06:31.0,,,
2017/8/1 15:00,Êµ∑Ê∑Ä,‰∏≠ÂõΩ,Âåó‰∫¨Â∏?Â∏ÇËæñÂå?Êµ∑Ê∑ÄÂå?2017-08-01 15:00:00.0,,54399,54399,39.9833,116.2833,45.8,46.9,999999,4,13,110108,2017,8,1,7,1000.1,1005.4,-1.7,0.7,1001,601,1000.1,653,31.4,32,636,31.3,601,-2,33.6,23.8,23.2,62,58,641,28.5,0,0,0,0,0,999999,999999,999999,219,1.8,222,1.8,225,2.1,639,235,1.9,235,3.2,638,235,3.2,235,3.2,38.1,40.6,634,36.9,610,23.5,32.2,29.3,27.9,26.7,25.7,24.1,20.9,16.3,34.1,37.4,634,33.6,655,14400,999999,999999,999999,0,999999,06:31.0,,,
2017/8/1 15:00,È°∫‰πâ,‰∏≠ÂõΩ,Âåó‰∫¨Â∏?Â∏ÇËæñÂå?È°∫‰πâÂå?2017-08-01 15:00:00.0,,54398,54398,40.1333,116.6167,28.6,29.6,999999,4,13,110000,2017,8,1,7,1002.5,1005.9,-1.5,0.7,1003.2,601,1002.4,652,32,32,700,31,601,0.2,32.5,25.4,23.3,60,60,646,28.5,0,0,0,0,0,999999,999999,999999,182,3.9,174,3,159,3.2,649,176,4.8,159,5.1,646,159,5.1,159,5.1,46,47.5,645,41.7,618,25.1,38.2,33.9,31.2,29.2,26,24.1,21,15.7,40.7,44.5,645,35.9,617,11700,999999,999999,999999,0,999999,06:31.0,,,
2017/8/1 15:00,ÊòåÂπ≥,‰∏≠ÂõΩ,Âåó‰∫¨Â∏?Â∏ÇËæñÂå?ÊòåÂπ≥Âå?2017-08-01 15:00:00.0,,54499,54499,40.2167,116.2167,76.2,77.4,999999,4,13,110000,2017,8,1,7,997.1,1005.9,-1.6,0.7,997.9,601,997.1,651,30.9,31,617,30.6,601,-1.6,33.2,24.4,23.3,64,63,621,28.6,0,0,0,0,0,999999,999999,999999,90,3,97,2.8,111,3,611,60,3.9,113,5.3,611,244,5.6,244,5.6,39,43.6,615,37.4,645,23.1,34.1,31.6,29.3,27.8,25.3,23.9,21,16.4,35.9,42.5,615,33.5,646,9300,999999,999999,999999,0,999999,06:31.0,,,
2017/8/1 15:00,Â§ßÂÖ¥,‰∏≠ÂõΩ,Âåó‰∫¨Â∏?Â∏ÇËæñÂå?Â§ßÂÖ¥Âå?2017-08-01 15:00:00.0,,54594,54594,39.7186,116.3544,37.5,38.7,999999,4,13,110000,2017,8,1,7,1001.3,1005.7,-1.6,0.4,1002,602,1001.3,657,31.6,31.9,652,31.3,604,0.3,31.9,23.6,22.9,60,59,613,27.9,0,0,0,0,0,999999,999999,999999,133,1.9,169,2.6,162,2.6,609,115,2.2,118,4.2,621,135,4.8,135,4.8,46.4,51.5,610,46.4,659,24,37.5,33.8,31,29.3,26.3,24.9,22.2,17.1,39.5,44.7,608,39.3,658,11200,999999,999999,999999,0,999999,06:31.0,,,
2017/8/1 15:00,Èúû‰∫ëÂ≤?‰∏≠ÂõΩ,Âåó‰∫¨Â∏?Â∏ÇËæñÂå?ÊàøÂ±±Âå?2017-08-01 15:00:00.0,,54597,54597,39.7286,115.7406,407.7,408.7,999999,4,13,110111,2017,8,1,7,960.1,1005.9,-1.5,0.9,960.7,605,960.1,638,30,30.2,650,29.5,611,-0.9,31.5,19.9,21.1,59,57,647,25,0,0,0,0,0,999999,999999,999999,207,2.8,195,3.2,205,3.6,639,193,4.3,187,7.2,638,184,8.2,184,8.2,52.4,55.8,644,49.3,603,20.3,38.4,33.8,30.5,28.4,23.9,999999,999999,999999,38.4,41,644,37,604,24000,999999,999999,999999,0,999999,06:31.0,,,,
2017/8/1 15:00,ÊàøÂ±±,‰∏≠ÂõΩ,Âåó‰∫¨Â∏?Â∏ÇËæñÂå?ÊàøÂ±±Âå?2017-08-01 15:00:00.0,,54596,54596,39.7728,116.1942,48.9,49.9,999999,4,13,110111,2017,8,1,7,1000.3,1006,-1.5,0.6,1001,601,1000.2,651,32,32.1,619,31.4,631,0.2,32.2,22.7,22.7,58,55,620,27.6,0,0,0,0,0,999999,999999,999999,212,1.7,207,2,199,3,635,215,1.9,184,4.7,627,190,4.8,190,4.8,53.1,55.7,613,48.4,647,22.5,35.7,32.5,30.3,29,26.2,24.7,22,16.7,40.9,42.8,614,37.4,648,11600,999999,999999,999999,0,999999,06:31.0,,,
2017/8/1 16:00,ÊúùÈò≥,‰∏≠ÂõΩ,Âåó‰∫¨Â∏?Â∏ÇËæñÂå?ÊúùÈò≥Âå?2017-08-01 16:00:00.0,,54433,54433,39.95,116.5,35.3,36.3,999999,4,13,110000,2017,8,1,8,1001.4,1005.5,-1.6,0.3,1001.7,701,1001.3,758,33,33,800,32.1,711,0.1,34.1,25.7,23.1,56,56,756,28.2,0,0,0,0,0,999999,999999,999999,101,2.3,130,2,96,2.6,714,91,2.3,99,4.7,709,113,5.6,113,5.6,46.1,46.9,753,42.3,739,24.3,35.4,32.7,30.6,28.7,25.4,23.6,21,16.2,38.2,39,753,34.5,740,15100,999999,999999,999999,0,999999,06:31.0,,,
2017/8/1 16:00,ÈÄöÂ∑û,‰∏≠ÂõΩ,Âåó‰∫¨Â∏?Â∏ÇËæñÂå?ÈÄöÂ∑ûÂå?2017-08-01 16:00:00.0,,54431,54431,39.85,116.75,19.8,20.8,999999,4,13,110112,2017,8,1,8,1003.1,1005.5,-1.5,0.1,1003.4,701,1003,739,30.9,32,702,30.9,759,-0.3,32,23.1,23.8,66,58,726,29.5,0,0,0,0,0,999999,999999,999999,88,2.9,90,3,94,3.1,755,93,3.4,124,4.7,749,118,4.8,118,4.8,34.9,42,722,34.8,759,23.8,32.8,30.5,28.5,27.3,25.6,23.6,21.3,16.4,33.3,41.1,701,33.3,800,8500,999999,999999,999999,0,999999,06:31.0,,,
2017/8/1 16:00,Âª∂Â∫Ü,‰∏≠ÂõΩ,Âåó‰∫¨Â∏?Â∏ÇËæñÂå?Âª∂Â∫ÜÂå?2017-08-01 16:00:00.0,,54406,54406,40.45,115.9667,487.9,489.1,999999,4,12,110229,2017,8,1,8,951.4,1006,-0.9,0.8,951.5,701,951.3,726,28.5,28.5,736,28.2,705,-0.8,29.6,20.9,22.3,69,65,701,26.8,0,0,0,0,0,999999,999999,0.3,83,1.9,105,2.2,124,3.8,704,96,2.5,102,6.5,708,94,7.3,94,7.3,40.7,42.6,735,38.5,750,19.8,32.3,29.8,27.9,26.4,23.7,21.7,18.7,13.8,33.2,35.1,736,30.6,750,4600,999999,999999,999999,5,999999,06:31.0,,,
2017/8/1 16:00,ÊòåÂπ≥,‰∏≠ÂõΩ,Âåó‰∫¨Â∏?Â∏ÇËæñÂå?ÊòåÂπ≥Âå?2017-08-01 16:00:00.0,,54499,54499,40.2167,116.2167,76.2,77.4,999999,4,13,110000,2017,8,1,8,996.9,1005.7,-1.3,0.8,997.1,701,996.9,746,31.2,31.2,757,30.9,701,-1.3,32.5,24.4,23.3,63,63,713,28.6,0,0,0,0,0,999999,999999,999999,125,2.2,112,2,95,2.8,701,133,2.2,139,5.4,725,244,5.6,244,5.6,37.1,39.2,702,36.4,753,23.1,33.6,31.7,29.7,28.2,25.3,23.9,21,16.5,34.1,36.1,702,33.1,730,11900,999999,999999,999999,0,999999,06:31.0,,,
2017/8/1 16:00,ÂØÜ‰∫ë,‰∏≠ÂõΩ,Âåó‰∫¨Â∏?Â∏ÇËæñÂå?ÂØÜ‰∫ëÂå?2017-08-01 16:00:00.0,,54416,54416,40.3833,116.8667,71.8,73,999999,4,11,110000,2017,8,1,8,997.5,1005.8,-1.3,0.7,997.8,701,997.5,754,30.7,31.2,719,30.3,736,-0.8,31.8,22.7,23.6,66,64,710,29.1,0,0,0,0,0,999999,999999,0.1,153,1.9,184,1.6,185,2.2,737,133,2.6,177,4.2,737,216,4.6,216,4.6,36.8,41.1,719,34.7,739,23,32.4,31,29.4,28.1,26.5,24.7,22.3,16.2,36.2,39.9,718,32.7,736,5700,999999,999999,999999,5,999999,06:31.0,,,
2017/8/1 16:00,ÊÄÄÊü?‰∏≠ÂõΩ,Âåó‰∫¨Â∏?Â∏ÇËæñÂå?ÊÄÄÊüîÂå∫,00:00.0,,54419,54419,40.3667,116.6333,75.7,76.8,999999,4,13,110116,2017,8,1,8,997.1,1005.8,-1.3,0.6,997.3,701,997.1,744,30.2,30.5,706,30.1,716,-1.6,32.1,24.1,23.6,68,64,703,29.2,0,0,0,0.3,0.3,999999,999999,999999,185,1.1,193,1.5,192,1.8,716,130,1.5,201,2.9,714,278,3.3,278,3.3,35.2,37.6,701,34.7,716,24.1,34.4,32.5,30.6,28.9,25.6,24.1,999999,999999,31.7,32.7,701,31.1,729,8200,999999,999999,999999,0,999999,06:31.0,,,
2017/8/1 16:00,Èó®Â§¥Ê≤?‰∏≠ÂõΩ,Âåó‰∫¨Â∏?Â∏ÇËæñÂå?Èó®Â§¥Ê≤üÂå∫,00:00.0,,54505,54505,39.8878,116.1564,85.5,86.6,999999,4,13,110109,2017,8,1,8,995.8,1005.7,-1.6,0.4,996,701,995.8,741,31.3,31.3,723,30.9,749,-0.3,31.7,22.8,22.9,61,60,738,27.9,0,0,0,0,0,999999,999999,999999,235,0.9,199,1.4,206,2.9,727,242,0.9,146,4.5,707,146,4.5,146,4.5,43,46.8,723,40.3,745,22.7,34.9,32,29.7,28.3,25.7,24.8,23.4,20.3,31.3,32.8,705,29.3,747,10600,999999,999999,999999,0,999999,06:31.0,,,
2017/8/1 16:00,ÊñãÂ†Ç,‰∏≠ÂõΩ,Âåó‰∫¨Â∏?Â∏ÇËæñÂå?Èó®Â§¥Ê≤üÂå∫,00:00.0,,54501,54501,39.975,115.6917,440.3,441.3,999999,4,13,110109,2017,8,1,8,956,1005.4,-1,0.9,956,701,955.9,722,30.4,31.2,749,30.2,733,0,31.2,19.3,20.3,55,53,707,23.9,0,0,0,0,0,999999,999999,999999,126,2.1,138,3.1,142,3.6,758,130,2.7,145,6,734,74,6.7,74,6.7,39.3,48.1,701,39.3,800,19.1,36.2,32.8,30,28.1,24.6,23.3,999999,999999,34.6,45.7,701,34.6,800,13300,999999,999999,999999,0,999999,06:31.0,,
2017/8/1 16:00,È°∫‰πâ,‰∏≠ÂõΩ,Âåó‰∫¨Â∏?Â∏ÇËæñÂå?È°∫‰πâÂå?2017-08-01 16:00:00.0,,54398,54398,40.1333,116.6167,28.6,29.6,999999,4,13,110000,2017,8,1,8,1002.2,1005.6,-1.4,0.5,1002.5,701,1002.2,742,31.8,32,701,31.4,719,0,32,25.4,22.8,59,59,702,27.7,0,0,0,0,0,999999,999999,999999,192,2.8,180,2.7,182,3.2,707,201,3.3,196,5.4,707,196,5.4,196,5.4,42.2,45.8,703,40.5,745,25.1,37.6,34.4,31.7,29.6,26,24.1,21,15.7,37.5,40.5,701,34,744,13200,999999,999999,999999,0,999999,06:31.0,,,
2017/8/1 16:00,Êµ∑Ê∑Ä,‰∏≠ÂõΩ,Âåó‰∫¨Â∏?Â∏ÇËæñÂå?Êµ∑Ê∑ÄÂå?2017-08-01 16:00:00.0,,54399,54399,39.9833,116.2833,45.8,46.9,999999,4,13,110108,2017,8,1,8,999.8,1005.1,-1.7,0.5,1000.1,701,999.8,756,31.5,32.3,746,31.4,701,-1.8,33.3,23.8,23.1,61,56,747,28.2,0,0,0,0,0,999999,999999,999999,226,1.6,230,1.9,215,2,733,181,2.6,235,3.6,715,235,3.6,235,3.6,38.6,40.7,743,37.4,757,23.5,33.1,30.1,28.4,27,25.7,24.1,20.9,16.3,33.8,36.6,713,32.7,757,15900,999999,999999,999999,0,999999,06:31.0,,,
2017/8/1 16:00,Áü≥ÊôØÂ±?‰∏≠ÂõΩ,Âåó‰∫¨Â∏?Â∏ÇËæñÂå?Áü≥ÊôØÂ±±Âå∫,00:00.0,,54513,54513,39.9425,116.2053,63,64.1,999999,4,13,110107,2017,8,1,8,998.1,1005.4,-1.5,0.5,998.3,701,998,750,32,32.1,707,31.5,720,-0.2,32.3,23.7,22.1,56,55,753,26.6,0,0,0,0,0,999999,999999,999999,164,1.6,164,2.4,181,3,717,153,2,170,6.2,714,170,6.2,170,6.2,40.6,47.7,701,40.3,752,23.3,33.8,31,29.1,27.9,25.5,24.3,21.6,16.5,37.6,44.8,701,36.9,753,31200,999999,999999,999999,0,999999,06:31.0,,,
2017/8/1 16:00,‰∏∞Âè∞,‰∏≠ÂõΩ,Âåó‰∫¨Â∏?Â∏ÇËæñÂå?‰∏∞Âè∞Âå?2017-08-01 16:00:00.0,,54514,54514,39.8667,116.25,55.2,56.7,999999,4,13,110106,2017,8,1,8,999.1,1005.5,-1.5,0.4,999.4,701,999,750,32.9,32.9,741,32.3,701,-0.2,33.4,24.3,23.5,58,57,711,29,0,0,0,0,0,999999,999999,999999,128,1.5,134,1.1,125,2.1,718,105,2,74,3.7,725,62,4.5,62,4.5,45.1,48,706,43.4,726,23.4,36.3,33.6,31.8,30.6,26.5,25,22.6,17.8,38.3,42,708,35.4,749,19800,999999,999999,999999,0,999999,06:31.0,,,
2017/8/1 16:00,Âåó‰∫¨,‰∏≠ÂõΩ,Âåó‰∫¨Â∏?Â∏ÇËæñÂå?Â§ßÂÖ¥Âå?2017-08-01 16:00:00.0,,54511,54511,39.8,116.4667,31.3,32.3,999999,4,12,110115,2017,8,1,8,1001.6,1005.3,-1.6,0.3,1002,701,1001.6,745,32.5,32.6,758,31.9,742,0.6,32.6,25.5,22.9,57,56,752,27.9,0,0,0,0,0,999999,999999,0.3,123,2.2,129,1.9,114,2.6,742,110,3.2,124,3.9,727,169,5.5,169,5.5,47.3,49.5,701,43.1,740,24.8,36.7,34.5,32.3,30.4,26.4,24.7,21.3,16.6,39.6,42,703,36.7,741,11800,999999,999999,999999,0,1170,06:31.0,,,
2017/8/1 16:00,ÊàøÂ±±,‰∏≠ÂõΩ,Âåó‰∫¨Â∏?Â∏ÇËæñÂå?ÊàøÂ±±Âå?2017-08-01 16:00:00.0,,54596,54596,39.7728,116.1942,48.9,49.9,999999,4,13,110111,2017,8,1,8,999.8,1005.5,-1.6,0.2,1000.2,701,999.8,742,32.3,32.6,726,31.8,751,0.8,32.6,22.7,21.8,54,54,730,26.1,0,0,0,0,0,999999,999999,999999,207,1.3,223,1.7,239,2.9,735,241,1.3,238,4.5,730,190,4.8,190,4.8,48.6,53.5,725,46.7,747,22.5,36.2,33.2,30.9,29.4,26.3,24.7,22,16.7,38,41.5,725,36.2,747,14300,999999,999999,999999,0,999999,06:31.0,,,
2017/8/1 16:00,Èúû‰∫ëÂ≤?‰∏≠ÂõΩ,Âåó‰∫¨Â∏?Â∏ÇËæñÂå?ÊàøÂ±±Âå?2017-08-01 16:00:00.0,,54597,54597,39.7286,115.7406,407.7,408.7,999999,4,13,110111,2017,8,1,8,959.9,1005.7,-1.2,0.8,960.1,701,959.9,716,29.9,30.5,709,29.7,751,-0.6,30.6,19.9,21.3,60,57,713,25.3,0,0,0,0,0,999999,999999,999999,202,2.7,195,2.5,195,3.3,701,181,3.6,232,4.9,755,184,8.2,184,8.2,47.9,53.4,703,44.9,751,20.3,38.4,34.7,31.5,29.2,23.9,999999,999999,999999,35.9,39.1,702,34,751,23300,999999,999999,999999,0,999999,06:31.0,,,,
2017/8/1 16:00,Â§ßÂÖ¥,‰∏≠ÂõΩ,Âåó‰∫¨Â∏?Â∏ÇËæñÂå?Â§ßÂÖ¥Âå?2017-08-01 16:00:00.0,,54594,54594,39.7186,116.3544,37.5,38.7,999999,4,13,110000,2017,8,1,8,1000.9,1005.3,-1.7,0,1001.3,701,1000.9,739,31.7,32.2,749,31.5,701,0.4,32.2,23.6,23.5,62,59,717,29,0,0,0,0,0,999999,999999,999999,131,1.7,146,2.2,169,2.6,701,129,1.7,166,4.5,705,135,4.8,135,4.8,45.2,49,738,44.8,758,24,37.7,34.3,31.6,29.8,26.4,24.9,22.2,17.1,39.2,43.8,738,38.6,719,11500,999999,999999,999999,0,999999,06:31.0,,,
2017/8/1 16:00,‰∏äÁî∏Â≠?‰∏≠ÂõΩ,Âåó‰∫¨Â∏?Â∏ÇËæñÂå?ÂØÜ‰∫ëÂå?2017-08-01 16:00:00.0,,54421,54421,40.65,117.1167,293.3,294.3,999999,4,13,110228,2017,8,1,8,972.9,1006.2,-0.9,0.8,973.1,702,972.9,717,28.9,30.1,716,28.9,754,-1.2,31.2,21.1,23.1,71,67,717,28.3,0,0,0,0,0,999999,999999,999999,251,4.3,251,4.4,242,5.3,701,235,6,244,7.8,748,232,8.4,232,8.4,39.9,47.4,716,39.9,800,22.7,38.3,34.1,31.1,29,26.8,999999,999999,999999,32.4,40.6,716,32.4,757,7600,999999,999999,999999,0,999999,06:31.0,,,,
2017/8/1 16:00,Âπ≥Ë∞∑,‰∏≠ÂõΩ,Âåó‰∫¨Â∏?Â∏ÇËæñÂå?Âπ≥Ë∞∑Âå?2017-08-01 16:00:00.0,,54424,54424,40.1667,117.1167,32.1,33.3,999999,4,13,110000,2017,8,1,8,1002.1,1005.9,-1.1,0.3,1002.3,701,1002,737,31.1,32,717,31.1,800,-0.7,32,23.2,23,62,58,711,28,0,0,0,0,0,999999,999999,999999,98,2.7,101,2.6,101,2.6,800,88,3.6,111,3.9,757,198,4.9,198,4.9,36.6,45,735,36.6,759,24,35.7,32.7,30.5,28.5,25.7,23.6,19.7,14.6,33.5,35.8,719,33.5,800,6300,999999,999999,999999,5,999999,06:31.0,,,
2017/8/1 17:00,ÊúùÈò≥,‰∏≠ÂõΩ,Âåó‰∫¨Â∏?Â∏ÇËæñÂå?ÊúùÈò≥Âå?2017-08-01 17:00:00.0,,54433,54433,39.95,116.5,35.3,36.3,999999,4,13,110000,2017,8,1,9,1001.1,1005.2,-1.4,-0.3,1001.4,801,1001.1,850,32.1,33,801,32.1,859,-1.4,34.1,25.7,22.8,58,55,801,27.7,0,0,0,0,0,999999,999999,999999,105,1.7,115,1.9,94,2.4,842,116,2.5,119,4.1,815,113,5.6,113,5.6,36.6,45.8,801,36.6,900,24.4,35.1,33,31,29,25.4,23.6,21,16.2,31.2,37.7,801,31.2,900,14100,999999,999999,999999,0,999999,06:31.0,,,
2017/8/1 17:00,ÈÄöÂ∑û,‰∏≠ÂõΩ,Âåó‰∫¨Â∏?Â∏ÇËæñÂå?ÈÄöÂ∑ûÂå?2017-08-01 17:00:00.0,,54431,54431,39.85,116.75,19.8,20.8,999999,4,13,110112,2017,8,1,9,1002.9,1005.3,-1.3,-0.3,1003.1,801,1002.9,834,30.4,31.1,810,30.4,859,-0.4,32,23.1,24.1,69,66,802,30,0,0,0,0,0,999999,999999,999999,150,4.1,145,4.1,138,4.4,857,129,5.2,127,6.1,854,127,6.1,127,6.1,33,36.1,816,32.8,855,23.8,31.9,30.6,28.9,27.7,25.6,23.6,21.3,16.4,31.5,34.7,816,31.3,856,7500,999999,999999,999999,0,999999,06:31.0,,,
2017/8/1 17:00,Âª∂Â∫Ü,‰∏≠ÂõΩ,Âåó‰∫¨Â∏?Â∏ÇËæñÂå?Âª∂Â∫ÜÂå?2017-08-01 17:00:00.0,,54406,54406,40.45,115.9667,487.9,489.1,999999,4,12,110229,2017,8,1,9,951.3,1006,-0.7,0.4,951.4,801,951.2,850,28.1,28.5,801,27.9,840,-1.1,29.2,20.9,21.6,68,66,808,25.8,0,0,0,0,0,999999,999999,0.1,108,2.7,99,2.5,114,2.9,814,99,3.7,85,5.2,813,94,7.3,94,7.3,34.9,40,801,33.5,840,19.8,31.4,29.8,28.1,26.7,23.8,21.7,18.7,13.8,30.2,32.6,801,28,839,5400,100,999999,20,5,1100,06:31.0,,,
2017/8/1 17:00,ÊòåÂπ≥,‰∏≠ÂõΩ,Âåó‰∫¨Â∏?Â∏ÇËæñÂå?ÊòåÂπ≥Âå?2017-08-01 17:00:00.0,,54499,54499,40.2167,116.2167,76.2,77.4,999999,4,13,110000,2017,8,1,9,996.5,1005.3,-1.4,0,996.9,801,996.5,851,30.9,31.4,806,30.8,856,-1.4,32.2,24.4,23.3,64,62,811,28.6,0,0,0,0,0,999999,999999,999999,127,2.3,110,2.4,108,2.8,826,105,3.7,139,5.7,825,139,5.7,139,5.7,34,38.5,806,33.4,853,23.1,33.1,31.7,29.9,28.4,25.3,23.9,21,16.5,31.4,36.2,806,30.1,849,13700,999999,999999,999999,0,999999,06:31.0,,,
2017/8/1 17:00,ÂØÜ‰∫ë,‰∏≠ÂõΩ,Âåó‰∫¨Â∏?Â∏ÇËæñÂå?ÂØÜ‰∫ëÂå?2017-08-01 17:00:00.0,,54416,54416,40.3833,116.8667,71.8,73,999999,4,11,110000,2017,8,1,9,997.2,1005.5,-1.3,-0.1,997.5,801,997.1,854,30.6,30.8,814,30.4,830,-0.4,31.2,22.7,23.5,66,65,805,29,0,0,0,0,0,999999,999999,0.2,183,0.9,196,1.6,168,1.9,804,210,2.7,194,3.8,852,216,4.6,216,4.6,35.5,36.8,801,34.2,831,23,31.8,30.8,29.6,28.4,26.5,24.7,22.3,16.2,35.2,35.8,801,33,831,4800,100,999999,0,5,2700,06:31.0,,,
2017/8/1 17:00,ÊÄÄÊü?‰∏≠ÂõΩ,Âåó‰∫¨Â∏?Â∏ÇËæñÂå?ÊÄÄÊüîÂå∫,00:00.0,,54419,54419,40.3667,116.6333,75.7,76.8,999999,4,13,110116,2017,8,1,9,996.7,1005.4,-1.4,0,997.1,801,996.7,856,30.7,30.7,859,30.1,803,-0.3,31.2,24.1,23.9,67,64,841,29.6,0,0,0,0,0.3,999999,999999,999999,127,1.3,137,1.3,157,1.7,807,136,1.6,156,2.8,804,278,3.3,278,3.3,38.9,38.9,900,34.4,803,24.1,34.2,32.2,30.6,29.1,25.6,24.1,999999,999999,31.6,32.1,831,31,806,8300,999999,999999,999999,0,999999,06:31.0,,,
2017/8/1 17:00,Èó®Â§¥Ê≤?‰∏≠ÂõΩ,Âåó‰∫¨Â∏?Â∏ÇËæñÂå?Èó®Â§¥Ê≤üÂå∫,00:00.0,,54505,54505,39.8878,116.1564,85.5,86.6,999999,4,13,110109,2017,8,1,9,995.5,1005.4,-1.5,-0.4,995.8,801,995.5,849,31.4,31.6,810,31.2,836,0.1,31.6,22.8,22.4,59,58,856,27.1,0,0,0,0,0,999999,999999,999999,145,2.2,164,1.7,167,2.4,840,141,2.5,172,3.5,847,146,4.5,146,4.5,39.6,43.2,802,39.6,900,22.9,34.6,32.3,30.1,28.6,25.7,24.8,23.4,20.3,29.9,32,806,28.6,834,13200,999999,999999,999999,0,999999,06:31.0,,,
2017/8/1 17:00,ÊñãÂ†Ç,‰∏≠ÂõΩ,Âåó‰∫¨Â∏?Â∏ÇËæñÂå?Èó®Â§¥Ê≤üÂå∫,00:00.0,,54501,54501,39.975,115.6917,440.3,441.3,999999,4,13,110109,2017,8,1,9,955.8,1005.2,-0.8,0.1,956,801,955.8,845,29.7,30.4,805,29.4,840,-0.1,31.2,19.3,20,56,54,803,23.4,0,0,0,0,0,999999,999999,999999,160,1.5,219,1.8,200,3.3,844,159,2.2,215,5.4,843,74,6.7,74,6.7,35.8,41.6,811,34.8,839,19.1,34.5,32.8,30.5,28.5,24.6,23.3,999999,999999,33.1,38.9,812,31.4,838,13400,999999,999999,999999,0,999999,06:31.0,,
2017/8/1 17:00,È°∫‰πâ,‰∏≠ÂõΩ,Âåó‰∫¨Â∏?Â∏ÇËæñÂå?È°∫‰πâÂå?2017-08-01 17:00:00.0,,54398,54398,40.1333,116.6167,28.6,29.6,999999,4,13,110000,2017,8,1,9,1001.9,1005.3,-1.3,-0.2,1002.2,801,1001.9,850,31.6,31.9,809,31.6,823,-0.2,32,25.4,23.7,63,59,801,29.3,0,0,0,0,0,999999,999999,999999,126,1.5,157,1.9,178,3,816,145,1.6,204,4.6,808,196,5.4,196,5.4,39.9,43.5,811,39.9,900,25.2,37.3,34.5,32.1,30,26,24.1,21,15.7,35.8,39.8,808,35.4,822,11500,999999,999999,999999,0,999999,06:31.0,,,
2017/8/1 17:00,Êµ∑Ê∑Ä,‰∏≠ÂõΩ,Âåó‰∫¨Â∏?Â∏ÇËæñÂå?Êµ∑Ê∑ÄÂå?2017-08-01 17:00:00.0,,54399,54399,39.9833,116.2833,45.8,46.9,999999,4,13,110108,2017,8,1,9,999.5,1004.8,-1.5,-0.3,999.9,810,999.5,851,31.6,32.6,827,31.6,801,-0.8,32.6,23.8,23.2,61,55,829,28.4,0,0,0,0,0,999999,999999,999999,216,1.7,214,1.7,226,2,802,224,1.9,221,3,801,235,3.6,235,3.6,36,40.6,813,36,858,23.6,33.2,30.7,28.9,27.3,25.7,24.1,20.9,16.3,31.9,36.6,813,31.8,848,16500,999999,999999,999999,0,999999,06:31.0,,,
2017/8/1 17:00,Áü≥ÊôØÂ±?‰∏≠ÂõΩ,Âåó‰∫¨Â∏?Â∏ÇËæñÂå?Áü≥ÊôØÂ±±Âå∫,00:00.0,,54513,54513,39.9425,116.2053,63,64.1,999999,4,13,110107,2017,8,1,9,997.7,1005,-1.4,-0.4,998.1,801,997.7,851,32,32.6,822,31.9,851,0,32.6,23.7,22.1,56,54,837,26.6,0,0,0,0,0,999999,999999,999999,202,2.5,188,2.1,162,2.3,801,201,2.7,164,3.8,830,170,6.2,170,6.2,40,43.7,818,39.1,840,23.5,33.7,31.3,29.6,28.3,25.6,24.3,21.6,16.5,37.4,41.2,817,36.3,839,30600,999999,999999,999999,0,999999,06:31.0,,,
2017/8/1 17:00,‰∏∞Âè∞,‰∏≠ÂõΩ,Âåó‰∫¨Â∏?Â∏ÇËæñÂå?‰∏∞Âè∞Âå?2017-08-01 17:00:00.0,,54514,54514,39.8667,116.25,55.2,56.7,999999,4,13,110106,2017,8,1,9,998.8,1005.2,-1.4,-0.4,999.1,801,998.8,845,32.6,33,805,32.3,847,-0.1,33,24.3,23.5,59,55,807,29,0,0,0,0,0,999999,999999,999999,238,0.8,249,0.8,117,1.4,821,213,1.1,96,2.6,824,62,4.5,62,4.5,39.8,44.8,801,38.3,842,23.4,35.5,33.9,32.2,30.9,26.5,25,22.6,17.8,33.9,37.8,801,31.5,838,20200,999999,999999,999999,0,999999,06:31.0,,,
2017/8/1 17:00,Âåó‰∫¨,‰∏≠ÂõΩ,Âåó‰∫¨Â∏?Â∏ÇËæñÂå?Â§ßÂÖ¥Âå?2017-08-01 17:00:00.0,,54511,54511,39.8,116.4667,31.3,32.3,999999,4,12,110115,2017,8,1,9,1001.3,1005,-1.4,-0.4,1001.6,813,1001.3,848,32.2,32.8,828,32.2,848,0.7,32.8,25.5,22.9,58,55,824,27.9,0,0,0,0,0,999999,999999,0.4,114,1.6,129,1.9,139,2.2,845,110,2.2,143,3.5,840,169,5.5,169,5.5,39.5,46.9,801,39.5,857,25.5,36.5,34.6,32.7,30.9,26.4,24.7,21.3,16.6,33.5,39.8,829,32.9,855,13400,100,999999,100,0,1250,06:31.0,,,
2017/8/1 17:00,ÊàøÂ±±,‰∏≠ÂõΩ,Âåó‰∫¨Â∏?Â∏ÇËæñÂå?ÊàøÂ±±Âå?2017-08-01 17:00:00.0,,54596,54596,39.7728,116.1942,48.9,49.9,999999,4,13,110111,2017,8,1,9,999.5,1005.2,-1.5,-0.6,999.9,806,999.5,900,31.7,32.6,838,31.6,853,0.8,32.6,22.7,22.1,57,53,819,26.6,0,0,0,0,0,999999,999999,999999,204,1.4,182,1.5,207,2.3,815,204,1.7,198,3.7,809,190,4.8,190,4.8,43.4,50,814,43.2,858,22.6,35.9,33.5,31.4,29.9,26.3,24.7,22,16.7,36.1,39.2,814,36,859,14700,999999,999999,999999,0,999999,06:31.0,,,
2017/8/1 17:00,Èúû‰∫ëÂ≤?‰∏≠ÂõΩ,Âåó‰∫¨Â∏?Â∏ÇËæñÂå?ÊàøÂ±±Âå?2017-08-01 17:00:00.0,,54597,54597,39.7286,115.7406,407.7,408.7,999999,4,13,110111,2017,8,1,9,959.7,1005.6,-0.9,-0.3,960,805,959.7,853,29.5,30,802,29.2,823,0.4,30.5,19.9,21.2,61,59,810,25.1,0,0,0,0,0,999999,999999,999999,183,1.6,140,0.9,196,2.8,804,125,2.4,179,5,801,184,8.2,184,8.2,40.8,47.6,801,40.8,900,20.3,37.1,34.8,32.1,29.8,24,999999,999999,999999,32.3,35.9,801,32.3,900,22400,999999,999999,999999,0,999999,06:31.0,,,,
2017/8/1 17:00,Â§ßÂÖ¥,‰∏≠ÂõΩ,Âåó‰∫¨Â∏?Â∏ÇËæñÂå?Â§ßÂÖ¥Âå?2017-08-01 17:00:00.0,,54594,54594,39.7186,116.3544,37.5,38.7,999999,4,13,110000,2017,8,1,9,1000.6,1005,-1.3,-0.6,1000.9,801,1000.6,850,31,31.8,820,31,855,0.4,32.2,23.6,23.4,64,59,834,28.8,0,0,0,0,0,999999,999999,999999,133,1.8,123,1.6,138,2.2,811,141,1.9,158,4.2,823,135,4.8,135,4.8,37.9,45.6,802,37.9,856,24,36.6,34.5,32.1,30.2,26.4,24.9,22.2,17.1,32.8,40,803,32.8,900,13600,999999,999999,999999,0,999999,06:31.0,,,
2017/8/1 17:00,‰∏äÁî∏Â≠?‰∏≠ÂõΩ,Âåó‰∫¨Â∏?Â∏ÇËæñÂå?ÂØÜ‰∫ëÂå?2017-08-01 17:00:00.0,,54421,54421,40.65,117.1167,293.3,294.3,999999,4,13,110228,2017,8,1,9,972.5,1005.8,-1.1,0.3,972.9,801,972.5,900,29.1,29.9,822,28.7,803,-1.1,31.2,21.1,23.1,70,68,826,28.2,0,0,0,0,0,999999,999999,999999,242,4.2,247,4.3,250,5.3,840,227,5.6,252,7.5,828,232,8.4,232,8.4,39.9,45.2,822,38.8,843,23.1,36.9,33.8,31.5,29.5,27.1,999999,999999,999999,34,39.5,822,32.1,843,6600,999999,999999,999999,5,999999,06:31.0,,,,
2017/8/1 17:00,Âπ≥Ë∞∑,‰∏≠ÂõΩ,Âåó‰∫¨Â∏?Â∏ÇËæñÂå?Âπ≥Ë∞∑Âå?2017-08-01 17:00:00.0,,54424,54424,40.1667,117.1167,32.1,33.3,999999,4,13,110000,2017,8,1,9,1001.6,1005.4,-1.4,-0.2,1002.1,801,1001.6,900,31.3,31.4,809,31.1,801,-0.2,32,23.2,22.9,61,61,805,27.9,0,0,0,0,0,999999,999999,999999,135,2.2,103,2.4,93,3,809,153,2.9,116,4,830,198,4.9,198,4.9,37.6,40.9,825,36.8,801,24.4,35,32.7,30.8,28.8,25.7,23.6,19.7,14.6,32.8,34.2,825,32.8,900,5400,999999,999999,999999,5,999999,06:31.0,,,
2017/8/1 18:00,ÊúùÈò≥,‰∏≠ÂõΩ,Âåó‰∫¨Â∏?Â∏ÇËæñÂå?ÊúùÈò≥Âå?2017-08-01 18:00:00.0,,54433,54433,39.95,116.5,35.3,36.3,999999,4,13,110000,2017,8,1,10,1000.9,1005,-0.8,-0.7,1001.1,901,1000.8,938,31.1,32.1,901,31.1,951,-0.6,33,25.7,24,66,58,901,29.8,0,0,0,0,0,999999,999999,999999,111,2.3,116,2.3,110,3.2,944,108,4.3,111,5.3,938,111,5.3,113,5.6,33.5,36.5,905,33.5,1000,25,33.5,32.6,31.1,29.3,25.4,23.6,21,16.2,29.9,31.3,907,29.9,955,11900,999999,999999,999999,0,999999,06:31.0,,,
2017/8/1 18:00,ÈÄöÂ∑û,‰∏≠ÂõΩ,Âåó‰∫¨Â∏?Â∏ÇËæñÂå?ÈÄöÂ∑ûÂå?2017-08-01 18:00:00.0,,54431,54431,39.85,116.75,19.8,20.8,999999,4,13,110112,2017,8,1,10,1002.7,1005.1,-0.7,-0.8,1002.9,901,1002.6,936,29.7,30.3,901,29.5,914,-0.1,32,23.1,24.8,75,69,901,31.3,0,0,0,0,0,999999,999999,999999,116,2,117,2.2,147,4.1,901,132,2.6,174,5.2,902,127,6.1,127,6.1,31.5,33.3,930,31.1,906,24.5,31.1,30.3,29,27.8,25.7,23.5,21.2,16.4,30.1,32.3,931,29.7,915,8000,999999,999999,999999,0,999999,06:31.0,,,
2017/8/1 18:00,Âª∂Â∫Ü,‰∏≠ÂõΩ,Âåó‰∫¨Â∏?Â∏ÇËæñÂå?Âª∂Â∫ÜÂå?2017-08-01 18:00:00.0,,54406,54406,40.45,115.9667,487.9,489.1,999999,4,12,110229,2017,8,1,10,951.1,1005.9,-0.4,-0.1,951.3,901,950.9,933,27.3,28,901,27.3,1000,-0.9,28.9,20.9,21.8,72,68,901,26.1,0,0,0,0,0,999999,999999,0.2,108,1.4,89,1.8,103,2.5,901,99,1.7,111,4.9,948,94,7.3,94,7.3,30.3,34.9,916,30.3,959,20,30.5,29.5,28.2,27,23.8,21.7,18.6,13.8,26.9,30.3,917,26.9,1000,6100,999999,999999,999999,5,999999,06:31.0,,,
2017/8/1 18:00,ÊòåÂπ≥,‰∏≠ÂõΩ,Âåó‰∫¨Â∏?Â∏ÇËæñÂå?ÊòåÂπ≥Âå?2017-08-01 18:00:00.0,,54499,54499,40.2167,116.2167,76.2,77.4,999999,4,13,110000,2017,8,1,10,996.4,1005.2,-0.7,-0.3,996.5,901,996.2,939,30.8,31.1,907,30.8,942,-0.7,31.5,24.4,24,67,63,910,29.8,0,0,0,0,0,999999,999999,999999,93,1.4,80,1.9,112,2.4,901,136,2,102,4.3,945,139,5.7,139,5.7,32.6,34.8,908,32.3,942,23.7,32.1,31.4,29.9,28.6,25.4,23.9,21,16.5,30.9,32.4,908,30.2,942,13200,999999,999999,999999,0,999999,06:31.0,,,
2017/8/1 18:00,ÂØÜ‰∫ë,‰∏≠ÂõΩ,Âåó‰∫¨Â∏?Â∏ÇËæñÂå?ÂØÜ‰∫ëÂå?2017-08-01 18:00:00.0,,54416,54416,40.3833,116.8667,71.8,73,999999,4,11,110000,2017,8,1,10,996.9,1005.2,-0.8,-0.6,997.2,901,996.9,954,30.3,30.7,901,30.2,924,0,31.2,22.7,23.2,66,63,920,28.5,0,0,0,0,0,999999,999999,0.2,162,0.7,171,1,183,2,917,149,1.4,181,3.9,911,216,4.6,216,4.6,31.2,35.6,909,31.1,959,23.7,30.8,30.4,29.5,28.5,26.5,24.7,22.3,16.2,30.7,35.5,909,30,928,5400,999999,999999,999999,5,999999,06:31.0,,,
2017/8/1 18:00,ÊÄÄÊü?‰∏≠ÂõΩ,Âåó‰∫¨Â∏?Â∏ÇËæñÂå?ÊÄÄÊüîÂå∫,00:00.0,,54419,54419,40.3667,116.6333,75.7,76.8,999999,4,13,110116,2017,8,1,10,996.4,1005.1,-0.9,-0.6,996.7,901,996.4,956,29.9,30.7,901,29.9,958,-0.2,31.2,24.1,24.1,71,66,903,30,0,0,0,0,0.3,999999,999999,999999,99,1.1,118,1,122,1.6,918,79,1.4,150,2.6,916,278,3.3,278,3.3,32.2,38.8,901,32.1,949,25,32.4,31.8,30.6,29.2,25.6,24.1,999999,999999,29.8,31.6,901,29.7,955,6700,999999,999999,999999,5,999999,06:31.0,,,
2017/8/1 18:00,Èó®Â§¥Ê≤?‰∏≠ÂõΩ,Âåó‰∫¨Â∏?Â∏ÇËæñÂå?Èó®Â§¥Ê≤üÂå∫,00:00.0,,54505,54505,39.8878,116.1564,85.5,86.6,999999,4,13,110109,2017,8,1,10,995.2,1005.1,-0.8,-0.8,995.5,901,995,940,31,31.4,901,31,944,0.5,31.6,22.8,22.6,61,58,922,27.4,0,0,0,0,0,999999,999999,999999,226,1.5,229,1.6,160,2,907,225,1.7,203,3.2,924,146,4.5,146,4.5,36,40.2,914,36,1000,23.3,34.1,32.4,30.4,28.9,25.7,24.8,23.4,20.3,28.1,29.8,901,27.8,945,14000,999999,999999,999999,0,999999,06:31.0,,,
2017/8/1 18:00,ÊñãÂ†Ç,‰∏≠ÂõΩ,Âåó‰∫¨Â∏?Â∏ÇËæñÂå?Èó®Â§¥Ê≤üÂå∫,00:00.0,,54501,54501,39.975,115.6917,440.3,441.3,999999,4,13,110109,2017,8,1,10,955.7,1005.3,-0.3,-0.3,955.8,901,955.6,917,28.6,29.7,901,28.6,1000,-0.3,31.2,19.3,21.6,66,57,904,25.8,0,0,0,0,0,999999,999999,999999,53,2.6,46,1.9,319,1.9,911,57,3.1,45,3.6,958,74,6.7,74,6.7,33.1,37.4,911,33.1,1000,20.1,33.3,32.3,30.6,28.9,24.6,23.3,999999,999999,30.5,35.4,911,30.5,1000,10200,999999,999999,999999,0,999999,06:31.0,,
2017/8/1 18:00,È°∫‰πâ,‰∏≠ÂõΩ,Âåó‰∫¨Â∏?Â∏ÇËæñÂå?È°∫‰πâÂå?2017-08-01 18:00:00.0,,54398,54398,40.1333,116.6167,28.6,29.6,999999,4,13,110000,2017,8,1,10,1001.5,1004.9,-1,-0.8,1001.8,901,1001.5,958,31.1,31.6,901,31,918,0.5,32,25.4,23,62,60,931,28,0,0,0,0,0,999999,999999,999999,100,2.1,134,1.6,149,2.3,904,79,3.1,167,4.5,902,196,5.4,196,5.4,34.9,39.8,901,34.9,958,26,35.3,34.2,32.3,30.3,26,24.1,21,15.7,31.3,35.7,901,31.1,914,13800,999999,999999,999999,0,999999,06:31.0,,,
2017/8/1 18:00,Êµ∑Ê∑Ä,‰∏≠ÂõΩ,Âåó‰∫¨Â∏?Â∏ÇËæñÂå?Êµ∑Ê∑ÄÂå?2017-08-01 18:00:00.0,,54399,54399,39.9833,116.2833,45.8,46.9,999999,4,13,110108,2017,8,1,10,999.2,1004.5,-0.9,-0.7,999.5,901,999.1,944,31.3,31.6,902,30.8,942,-0.1,32.6,23.8,23.7,64,59,903,29.2,0,0,0,0,0,999999,999999,999999,275,0.8,244,0.5,214,1.9,902,303,0.9,215,2.8,910,235,3.6,235,3.6,33.7,36.1,901,33.6,939,23.8,32.1,30.6,29.2,27.6,25.8,24.1,20.9,16.3,31.3,32,902,30.6,917,16300,999999,999999,999999,0,999999,06:31.0,,,
2017/8/1 18:00,Áü≥ÊôØÂ±?‰∏≠ÂõΩ,Âåó‰∫¨Â∏?Â∏ÇËæñÂå?Áü≥ÊôØÂ±±Âå∫,00:00.0,,54513,54513,39.9425,116.2053,63,64.1,999999,4,13,110107,2017,8,1,10,997.4,1004.7,-0.9,-0.8,997.7,901,997.3,939,31.8,32.1,920,31.8,933,0.6,32.6,23.7,21.9,56,55,901,26.3,0,0,0,0,0,999999,999999,999999,148,2.3,133,1.8,191,2.1,901,145,3,173,3.1,911,170,6.2,170,6.2,34.2,40,901,34.2,1000,24,33.1,31.4,29.8,28.6,25.6,24.3,21.5,16.5,31.6,37.5,901,31.6,1000,30100,999999,999999,999999,0,999999,06:31.0,,,
2017/8/1 18:00,‰∏∞Âè∞,‰∏≠ÂõΩ,Âåó‰∫¨Â∏?Â∏ÇËæñÂå?‰∏∞Âè∞Âå?2017-08-01 18:00:00.0,,54514,54514,39.8667,116.25,55.2,56.7,999999,4,13,110106,2017,8,1,10,998.5,1004.9,-0.9,-0.8,998.8,901,998.3,943,32.5,32.8,924,32.3,914,1,33,24.3,23.2,58,56,925,28.4,0,0,0,0,0,999999,999999,999999,215,1.1,172,0.9,189,1.3,914,201,1.1,207,2.2,910,62,4.5,62,4.5,37.5,40.3,920,37.5,1000,24.7,35,33.7,32.3,31.1,26.5,25,22.6,17.8,32.2,34.8,920,31.4,913,23300,999999,999999,999999,0,999999,06:31.0,,,
2017/8/1 18:00,Âåó‰∫¨,‰∏≠ÂõΩ,Âåó‰∫¨Â∏?Â∏ÇËæñÂå?Â§ßÂÖ¥Âå?2017-08-01 18:00:00.0,,54511,54511,39.8,116.4667,31.3,32.3,999999,4,12,110115,2017,8,1,10,1001.2,1004.9,-0.8,-0.9,1001.3,901,1001,922,30.8,32.2,901,30.8,955,0.2,32.8,25.5,22.9,63,59,901,28,0,0,0,0,0,999999,999999,0.3,118,3.4,123,3.1,142,3.4,913,124,3.8,158,5.6,912,158,5.6,158,5.6,34.4,39.3,901,34.4,959,25.9,34.9,34.2,32.8,31.2,26.5,24.7,21.3,16.6,30.1,33.5,901,30.1,959,10800,999999,999999,999999,0,1270,06:31.0,,,
2017/8/1 18:00,ÊàøÂ±±,‰∏≠ÂõΩ,Âåó‰∫¨Â∏?Â∏ÇËæñÂå?ÊàøÂ±±Âå?2017-08-01 18:00:00.0,,54596,54596,39.7728,116.1942,48.9,49.9,999999,4,13,110111,2017,8,1,10,999.3,1005,-1,-0.9,999.5,901,999.1,938,31.9,32.3,932,31.7,901,2,32.6,22.7,22.3,57,54,929,26.9,0,0,0,0,0,999999,999999,999999,203,1.1,215,1.3,198,1.5,905,207,1.2,235,2.2,940,190,4.8,190,4.8,40.3,43.7,902,40.3,1000,23.5,35.2,33.5,31.6,30.2,26.4,24.7,22,16.7,35.1,37.5,932,35.1,1000,14300,999999,999999,999999,0,999999,06:31.0,,,
2017/8/1 18:00,Èúû‰∫ëÂ≤?‰∏≠ÂõΩ,Âåó‰∫¨Â∏?Â∏ÇËæñÂå?ÊàøÂ±±Âå?2017-08-01 18:00:00.0,,54597,54597,39.7286,115.7406,407.7,408.7,999999,4,13,110111,2017,8,1,10,959.7,1005.7,-0.4,-0.6,959.7,901,959.4,925,28.3,29.6,904,28.3,957,0.7,30.5,19.9,21.8,68,61,901,26.2,0,0,0,0,0,999999,999999,999999,248,1.1,253,1.2,245,1.7,919,252,1.5,184,3.6,911,184,8.2,184,8.2,34.4,42.8,907,34.4,1000,20.9,35.5,34.3,32.3,30.3,24,999999,999999,999999,28.6,33.6,910,28.6,1000,10200,999999,999999,999999,0,999999,06:31.0,,,,
2017/8/1 18:00,Â§ßÂÖ¥,‰∏≠ÂõΩ,Âåó‰∫¨Â∏?Â∏ÇËæñÂå?Â§ßÂÖ¥Âå?2017-08-01 18:00:00.0,,54594,54594,39.7186,116.3544,37.5,38.7,999999,4,13,110000,2017,8,1,10,1000.5,1004.9,-0.8,-0.9,1000.6,901,1000.3,952,29.8,30.9,901,29.8,941,-0.1,32.2,23.6,24,71,64,901,29.8,0,0,0,0,0,999999,999999,999999,148,1.7,137,2.2,133,2.9,923,141,2.9,141,4.8,923,141,4.8,141,4.8,33.9,37.8,901,33.9,959,24.8,34.7,33.8,32.1,30.5,26.5,24.9,22.2,17.1,29.8,32.9,903,29.8,1000,9700,999999,999999,999999,0,999999,06:31.0,,,
2017/8/1 18:00,‰∏äÁî∏Â≠?‰∏≠ÂõΩ,Âåó‰∫¨Â∏?Â∏ÇËæñÂå?ÂØÜ‰∫ëÂå?2017-08-01 18:00:00.0,,54421,54421,40.65,117.1167,293.3,294.3,999999,4,13,110228,2017,8,1,10,972.5,1005.8,-0.5,0,972.6,901,972.4,917,28.2,29.4,907,28.2,955,-0.7,31.2,21.1,23.3,75,69,914,28.7,0,0,0,0,0,999999,999999,999999,239,3.5,241,3.1,248,5,932,244,4.3,247,6.7,929,232,8.4,232,8.4,34,41,906,34,958,23.8,35.5,33.3,31.6,29.8,26.9,999999,999999,999999,29.1,35.3,906,29.1,955,5300,999999,999999,999999,5,999999,06:31.0,,,,
2017/8/1 18:00,Âπ≥Ë∞∑,‰∏≠ÂõΩ,Âåó‰∫¨Â∏?Â∏ÇËæñÂå?Âπ≥Ë∞∑Âå?2017-08-01 18:00:00.0,,54424,54424,40.1667,117.1167,32.1,33.3,999999,4,13,110000,2017,8,1,10,1001.5,1005.3,-0.8,-0.7,1001.6,901,1001.4,918,30.9,31.3,901,30.8,939,0.3,32,23.2,23.3,64,61,901,28.6,0,0,0,0,0,999999,999999,999999,122,1.5,106,1.5,108,2.5,901,150,2.4,99,4,908,133,4.7,198,4.9,35.2,37.7,901,33.7,940,24.9,33.8,32.5,30.9,29.1,25.7,23.6,19.7,14.6,30.7,32.8,901,30.4,951,7500,999999,999999,999999,0,999999,06:31.0,,,
2017/8/1 19:00,ÊñãÂ†Ç,‰∏≠ÂõΩ,Âåó‰∫¨Â∏?Â∏ÇËæñÂå?Èó®Â§¥Ê≤üÂå∫,00:00.0,,54501,54501,39.975,115.6917,440.3,441.3,999999,4,13,110109,2017,8,1,11,956.2,1005.8,0.2,-0.2,956.2,1051,955.8,1001,27.6,28.6,1001,27.6,1056,0.2,31.2,19.3,21.6,70,66,1001,25.8,0,0,0,0,0,999999,999999,999999,4,1.1,356,1.1,46,2.3,1003,3,1.7,54,4,1001,145,6,74,6.7,29.3,32.9,1001,29.3,1055,23.1,31.6,31.6,30.4,29,24.6,23.3,999999,999999,26.2,30.2,1001,26.2,1055,9700,999999,999999,999999,0,999999,06:31.0,,
